,,,,,,,,,,,
,,,,,,,,,,,
"2. Población censada por tramo de edad e índice de envejecimiento, según sexo y comuna.",,,,,,,,,,,
Código región,Región,Código provincia,Provincia,Código comuna,Comuna,Sexo,Población censada,0-14,15-64,65 años o más,Índice de envejecimiento
0,País,0,País,0,País,Total País,18.480.432,3.274.648,12.618.546,2.587.238,"79,0"
0,País,0,País,0,País,Hombre,8.967.033,1.668.530,6.171.457,1.127.046,"67,5"
0,País,0,País,0,País,Mujer,9.513.399,1.606.118,6.447.089,1.460.192,"90,9"
15,Arica y Parinacota,151,Arica,15101,Arica,Total Comuna,241.653,47.551,163.466,30.636,"64,4"
15,Arica y Parinacota,151,Arica,15101,Arica,Hombre,118.844,24.128,80.967,13.749,"57,0"
15,Arica y Parinacota,151,Arica,15101,Arica,Mujer,122.809,23.423,82.499,16.887,"72,1"
15,Arica y Parinacota,151,Arica,15102,Camarones,Total Comuna,861,106,527,228,"215,1"
15,Arica y Parinacota,151,Arica,15102,Camarones,Hombre,430,54,265,111,"205,6"
15,Arica y Parinacota,151,Arica,15102,Camarones,Mujer,431,52,262,117,"225,0"
15,Arica y Parinacota,152,Parinacota,15201,Putre,Total Comuna,1.547,250,1.041,256,"102,4"
15,Arica y Parinacota,152,Parinacota,15201,Putre,Hombre,846,134,582,130,"97,0"
15,Arica y Parinacota,152,Parinacota,15201,Putre,Mujer,701,116,459,126,"108,6"
15,Arica y Parinacota,152,Parinacota,15202,General Lagos,Total Comuna,508,123,269,116,"94,3"
15,Arica y Parinacota,152,Parinacota,15202,General Lagos,Hombre,261,60,142,59,"98,3"
15,Arica y Parinacota,152,Parinacota,15202,General Lagos,Mujer,247,63,127,57,"90,5"
1,Tarapacá,11,Iquique,1101,Iquique,Total Comuna,199.587,37.595,137.764,24.228,"64,4"
1,Tarapacá,11,Iquique,1101,Iquique,Hombre,98.413,19.099,68.437,10.877,"57,0"
1,Tarapacá,11,Iquique,1101,Iquique,Mujer,101.174,18.496,69.327,13.351,"72,2"
1,Tarapacá,11,Iquique,1107,Alto Hospicio,Total Comuna,142.086,36.164,98.216,7.706,"21,3"
1,Tarapacá,11,Iquique,1107,Alto Hospicio,Hombre,70.649,18.403,48.624,3.622,"19,7"
1,Tarapacá,11,Iquique,1107,Alto Hospicio,Mujer,71.437,17.761,49.592,4.084,"23,0"
1,Tarapacá,14,Del Tamarugal,1401,Pozo Almonte,Total Comuna,16.878,4.053,11.116,1.709,"42,2"
1,Tarapacá,14,Del Tamarugal,1401,Pozo Almonte,Hombre,8.667,2.010,5.770,887,"44,1"
1,Tarapacá,14,Del Tamarugal,1401,Pozo Almonte,Mujer,8.211,2.043,5.346,822,"40,2"
1,Tarapacá,14,Del Tamarugal,1402,Camiña,Total Comuna,1.335,335,764,236,"70,4"
1,Tarapacá,14,Del Tamarugal,1402,Camiña,Hombre,648,175,345,128,"73,1"
1,Tarapacá,14,Del Tamarugal,1402,Camiña,Mujer,687,160,419,108,"67,5"
1,Tarapacá,14,Del Tamarugal,1403,Colchane,Total Comuna,790,194,463,133,"68,6"
1,Tarapacá,14,Del Tamarugal,1403,Colchane,Hombre,389,91,228,70,"76,9"
1,Tarapacá,14,Del Tamarugal,1403,Colchane,Mujer,401,103,235,63,"61,2"
1,Tarapacá,14,Del Tamarugal,1404,Huara,Total Comuna,2.858,698,1.719,441,"63,2"
1,Tarapacá,14,Del Tamarugal,1404,Huara,Hombre,1.484,364,886,234,"64,3"
1,Tarapacá,14,Del Tamarugal,1404,Huara,Mujer,1.374,334,833,207,"62,0"
1,Tarapacá,14,Del Tamarugal,1405,Pica,Total Comuna,6.272,1.493,3.904,875,"58,6"
1,Tarapacá,14,Del Tamarugal,1405,Pica,Hombre,3.093,774,1.887,432,"55,8"
1,Tarapacá,14,Del Tamarugal,1405,Pica,Mujer,3.179,719,2.017,443,"61,6"
2,Antofagasta,21,Antofagasta,2101,Antofagasta,Total Comuna,401.096,75.810,286.227,39.059,"51,5"
2,Antofagasta,21,Antofagasta,2101,Antofagasta,Hombre,197.979,38.748,142.457,16.774,"43,3"
2,Antofagasta,21,Antofagasta,2101,Antofagasta,Mujer,203.117,37.062,143.770,22.285,"60,1"
2,Antofagasta,21,Antofagasta,2102,Mejillones,Total Comuna,14.084,3.346,9.625,1.113,"33,3"
2,Antofagasta,21,Antofagasta,2102,Mejillones,Hombre,7.021,1.710,4.761,550,"32,2"
2,Antofagasta,21,Antofagasta,2102,Mejillones,Mujer,7.063,1.636,4.864,563,"34,4"
2,Antofagasta,21,Antofagasta,2103,Sierra Gorda,Total Comuna,1.472,365,1.005,102,"27,9"
2,Antofagasta,21,Antofagasta,2103,Sierra Gorda,Hombre,707,197,468,42,"21,3"
2,Antofagasta,21,Antofagasta,2103,Sierra Gorda,Mujer,765,168,537,60,"35,7"
2,Antofagasta,21,Antofagasta,2104,Taltal,Total Comuna,12.097,2.403,8.122,1.572,"65,4"
2,Antofagasta,21,Antofagasta,2104,Taltal,Hombre,6.063,1.227,4.067,769,"62,7"
2,Antofagasta,21,Antofagasta,2104,Taltal,Mujer,6.034,1.176,4.055,803,"68,3"
2,Antofagasta,22,El Loa,2201,Calama,Total Comuna,166.334,34.790,116.500,15.044,"43,2"
2,Antofagasta,22,El Loa,2201,Calama,Hombre,82.269,17.745,57.714,6.810,"38,4"
2,Antofagasta,22,El Loa,2201,Calama,Mujer,84.065,17.045,58.786,8.234,"48,3"
2,Antofagasta,22,El Loa,2202,Ollagüe,Total Comuna,256,48,173,35,"72,9"
2,Antofagasta,22,El Loa,2202,Ollagüe,Hombre,122,22,87,13,"59,1"
2,Antofagasta,22,El Loa,2202,Ollagüe,Mujer,134,26,86,22,"84,6"
2,Antofagasta,22,El Loa,2203,San Pedro de Atacama,Total Comuna,9.843,2.058,6.946,839,"40,8"
2,Antofagasta,22,El Loa,2203,San Pedro de Atacama,Hombre,4.768,1.051,3.337,380,"36,2"
2,Antofagasta,22,El Loa,2203,San Pedro de Atacama,Mujer,5.075,1.007,3.609,459,"45,6"
2,Antofagasta,23,Tocopilla,2301,Tocopilla,Total Comuna,25.400,5.182,16.863,3.355,"64,7"
2,Antofagasta,23,Tocopilla,2301,Tocopilla,Hombre,12.589,2.590,8.491,1.508,"58,2"
2,Antofagasta,23,Tocopilla,2301,Tocopilla,Mujer,12.811,2.592,8.372,1.847,"71,3"
2,Antofagasta,23,Tocopilla,2302,María Elena,Total Comuna,4.834,950,3.434,450,"47,4"
2,Antofagasta,23,Tocopilla,2302,María Elena,Hombre,2.477,494,1.733,250,"50,6"
2,Antofagasta,23,Tocopilla,2302,María Elena,Mujer,2.357,456,1.701,200,"43,9"
3,Atacama,31,Copiapó,3101,Copiapó,Total Comuna,168.831,33.541,116.609,18.681,"55,7"
3,Atacama,31,Copiapó,3101,Copiapó,Hombre,83.536,17.142,57.867,8.527,"49,7"
3,Atacama,31,Copiapó,3101,Copiapó,Mujer,85.295,16.399,58.742,10.154,"61,9"
3,Atacama,31,Copiapó,3102,Caldera,Total Comuna,18.805,3.620,12.477,2.708,"74,8"
3,Atacama,31,Copiapó,3102,Caldera,Hombre,9.396,1.868,6.245,1.283,"68,7"
3,Atacama,31,Copiapó,3102,Caldera,Mujer,9.409,1.752,6.232,1.425,"81,3"
3,Atacama,31,Copiapó,3103,Tierra Amarilla,Total Comuna,11.846,2.456,8.036,1.354,"55,1"
3,Atacama,31,Copiapó,3103,Tierra Amarilla,Hombre,6.070,1.288,4.098,684,"53,1"
3,Atacama,31,Copiapó,3103,Tierra Amarilla,Mujer,5.776,1.168,3.938,670,"57,4"
3,Atacama,32,Chañaral,3201,Chañaral,Total Comuna,12.345,2.506,7.995,1.844,"73,6"
3,Atacama,32,Chañaral,3201,Chañaral,Hombre,6.219,1.303,4.034,882,"67,7"
3,Atacama,32,Chañaral,3201,Chañaral,Mujer,6.126,1.203,3.961,962,"80,0"
3,Atacama,32,Chañaral,3202,Diego de Almagro,Total Comuna,11.397,2.412,7.813,1.172,"48,6"
3,Atacama,32,Chañaral,3202,Diego de Almagro,Hombre,5.672,1.221,3.871,580,"47,5"
3,Atacama,32,Chañaral,3202,Diego de Almagro,Mujer,5.725,1.191,3.942,592,"49,7"
3,Atacama,33,Huasco,3301,Vallenar,Total Comuna,54.222,10.541,35.631,8.050,"76,4"
3,Atacama,33,Huasco,3301,Vallenar,Hombre,26.541,5.421,17.524,3.596,"66,3"
3,Atacama,33,Huasco,3301,Vallenar,Mujer,27.681,5.120,18.107,4.454,"87,0"
3,Atacama,33,Huasco,3302,Alto del Carmen,Total Comuna,4.788,788,2.976,1.024,"129,9"
3,Atacama,33,Huasco,3302,Alto del Carmen,Hombre,2.454,395,1.502,557,"141,0"
3,Atacama,33,Huasco,3302,Alto del Carmen,Mujer,2.334,393,1.474,467,"118,8"
3,Atacama,33,Huasco,3303,Freirina,Total Comuna,7.577,1.489,4.905,1.183,"79,4"
3,Atacama,33,Huasco,3303,Freirina,Hombre,3.743,763,2.419,561,"73,5"
3,Atacama,33,Huasco,3303,Freirina,Mujer,3.834,726,2.486,622,"85,7"
3,Atacama,33,Huasco,3304,Huasco,Total Comuna,9.369,1.750,5.987,1.632,"93,3"
3,Atacama,33,Huasco,3304,Huasco,Hombre,4.632,869,2.996,767,"88,3"
3,Atacama,33,Huasco,3304,Huasco,Mujer,4.737,881,2.991,865,"98,2"
4,Coquimbo,41,Elqui,4101,La Serena,Total Comuna,250.141,45.405,171.669,33.067,"72,8"
4,Coquimbo,41,Elqui,4101,La Serena,Hombre,120.407,22.882,83.329,14.196,"62,0"
4,Coquimbo,41,Elqui,4101,La Serena,Mujer,129.734,22.523,88.340,18.871,"83,8"
4,Coquimbo,41,Elqui,4102,Coquimbo,Total Comuna,263.719,50.870,178.399,34.450,"67,7"
4,Coquimbo,41,Elqui,4102,Coquimbo,Hombre,127.926,25.902,86.766,15.258,"58,9"
4,Coquimbo,41,Elqui,4102,Coquimbo,Mujer,135.793,24.968,91.633,19.192,"76,9"
4,Coquimbo,41,Elqui,4103,Andacollo,Total Comuna,11.566,2.103,7.510,1.953,"92,9"
4,Coquimbo,41,Elqui,4103,Andacollo,Hombre,5.800,1.093,3.765,942,"86,2"
4,Coquimbo,41,Elqui,4103,Andacollo,Mujer,5.766,1.010,3.745,1.011,"100,1"
4,Coquimbo,41,Elqui,4104,La Higuera,Total Comuna,4.335,781,2.771,783,"100,3"
4,Coquimbo,41,Elqui,4104,La Higuera,Hombre,2.299,419,1.449,431,"102,9"
4,Coquimbo,41,Elqui,4104,La Higuera,Mujer,2.036,362,1.322,352,"97,2"
4,Coquimbo,41,Elqui,4105,Paiguano,Total Comuna,4.649,765,3.074,810,"105,9"
4,Coquimbo,41,Elqui,4105,Paiguano,Hombre,2.310,397,1.509,404,"101,8"
4,Coquimbo,41,Elqui,4105,Paiguano,Mujer,2.339,368,1.565,406,"110,3"
4,Coquimbo,41,Elqui,4106,Vicuña,Total Comuna,28.047,5.152,18.511,4.384,"85,1"
4,Coquimbo,41,Elqui,4106,Vicuña,Hombre,13.738,2.694,8.952,2.092,"77,7"
4,Coquimbo,41,Elqui,4106,Vicuña,Mujer,14.309,2.458,9.559,2.292,"93,2"
4,Coquimbo,42,Choapa,4201,Illapel,Total Comuna,32.009,5.788,20.764,5.457,"94,3"
4,Coquimbo,42,Choapa,4201,Illapel,Hombre,15.548,2.957,10.159,2.432,"82,2"
4,Coquimbo,42,Choapa,4201,Illapel,Mujer,16.461,2.831,10.605,3.025,"106,9"
4,Coquimbo,42,Choapa,4202,Canela,Total Comuna,9.639,1.455,5.925,2.259,"155,3"
4,Coquimbo,42,Choapa,4202,Canela,Hombre,4.869,758,2.988,1.123,"148,2"
4,Coquimbo,42,Choapa,4202,Canela,Mujer,4.770,697,2.937,1.136,"163,0"
4,Coquimbo,42,Choapa,4203,Los Vilos,Total Comuna,22.879,4.400,14.795,3.684,"83,7"
4,Coquimbo,42,Choapa,4203,Los Vilos,Hombre,11.281,2.263,7.327,1.691,"74,7"
4,Coquimbo,42,Choapa,4203,Los Vilos,Mujer,11.598,2.137,7.468,1.993,"93,3"
4,Coquimbo,42,Choapa,4204,Salamanca,Total Comuna,27.823,5.127,18.256,4.440,"86,6"
4,Coquimbo,42,Choapa,4204,Salamanca,Hombre,13.772,2.608,9.005,2.159,"82,8"
4,Coquimbo,42,Choapa,4204,Salamanca,Mujer,14.051,2.519,9.251,2.281,"90,6"
4,Coquimbo,43,Limarí,4301,Ovalle,Total Comuna,118.696,22.295,79.044,17.357,"77,9"
4,Coquimbo,43,Limarí,4301,Ovalle,Hombre,57.311,11.334,38.205,7.772,"68,6"
4,Coquimbo,43,Limarí,4301,Ovalle,Mujer,61.385,10.961,40.839,9.585,"87,4"
4,Coquimbo,43,Limarí,4302,Combarbalá,Total Comuna,12.954,1.967,8.069,2.918,"148,3"
4,Coquimbo,43,Limarí,4302,Combarbalá,Hombre,6.305,1.019,3.966,1.320,"129,5"
4,Coquimbo,43,Limarí,4302,Combarbalá,Mujer,6.649,948,4.103,1.598,"168,6"
4,Coquimbo,43,Limarí,4303,Monte Patria,Total Comuna,29.997,5.450,19.506,5.041,"92,5"
4,Coquimbo,43,Limarí,4303,Monte Patria,Hombre,14.703,2.745,9.472,2.486,"90,6"
4,Coquimbo,43,Limarí,4303,Monte Patria,Mujer,15.294,2.705,10.034,2.555,"94,5"
4,Coquimbo,43,Limarí,4304,Punitaqui,Total Comuna,12.076,2.270,7.677,2.129,"93,8"
4,Coquimbo,43,Limarí,4304,Punitaqui,Hombre,5.975,1.192,3.730,1.053,"88,3"
4,Coquimbo,43,Limarí,4304,Punitaqui,Mujer,6.101,1.078,3.947,1.076,"99,8"
4,Coquimbo,43,Limarí,4305,Río Hurtado,Total Comuna,4.334,601,2.689,1.044,"173,7"
4,Coquimbo,43,Limarí,4305,Río Hurtado,Hombre,2.153,282,1.367,504,"178,7"
4,Coquimbo,43,Limarí,4305,Río Hurtado,Mujer,2.181,319,1.322,540,"169,3"
5,Valparaíso,51,Valparaíso,5101,Valparaíso,Total Comuna,284.938,44.277,194.123,46.538,"105,1"
5,Valparaíso,51,Valparaíso,5101,Valparaíso,Hombre,138.494,22.784,96.062,19.648,"86,2"
5,Valparaíso,51,Valparaíso,5101,Valparaíso,Mujer,146.444,21.493,98.061,26.890,"125,1"
5,Valparaíso,51,Valparaíso,5102,Casablanca,Total Comuna,29.876,5.399,20.065,4.412,"81,7"
5,Valparaíso,51,Valparaíso,5102,Casablanca,Hombre,14.582,2.766,9.826,1.990,"71,9"
5,Valparaíso,51,Valparaíso,5102,Casablanca,Mujer,15.294,2.633,10.239,2.422,"92,0"
5,Valparaíso,51,Valparaíso,5103,Concón,Total Comuna,48.294,7.853,33.071,7.370,"93,8"
5,Valparaíso,51,Valparaíso,5103,Concón,Hombre,23.153,3.971,16.061,3.121,"78,6"
5,Valparaíso,51,Valparaíso,5103,Concón,Mujer,25.141,3.882,17.010,4.249,"109,5"
5,Valparaíso,51,Valparaíso,5104,Juan Fernández,Total Comuna,904,189,589,126,"66,7"
5,Valparaíso,51,Valparaíso,5104,Juan Fernández,Hombre,458,91,301,66,"72,5"
5,Valparaíso,51,Valparaíso,5104,Juan Fernández,Mujer,446,98,288,60,"61,2"
5,Valparaíso,51,Valparaíso,5105,Puchuncaví,Total Comuna,22.539,3.943,14.518,4.078,"103,4"
5,Valparaíso,51,Valparaíso,5105,Puchuncaví,Hombre,11.156,2.027,7.227,1.902,"93,8"
5,Valparaíso,51,Valparaíso,5105,Puchuncaví,Mujer,11.383,1.916,7.291,2.176,"113,6"
5,Valparaíso,51,Valparaíso,5107,Quintero,Total Comuna,35.754,6.672,23.259,5.823,"87,3"
5,Valparaíso,51,Valparaíso,5107,Quintero,Hombre,17.507,3.387,11.457,2.663,"78,6"
5,Valparaíso,51,Valparaíso,5107,Quintero,Mujer,18.247,3.285,11.802,3.160,"96,2"
5,Valparaíso,51,Valparaíso,5109,Viña del Mar,Total Comuna,334.871,49.154,226.330,59.387,"120,8"
5,Valparaíso,51,Valparaíso,5109,Viña del Mar,Hombre,158.878,25.059,109.537,24.282,"96,9"
5,Valparaíso,51,Valparaíso,5109,Viña del Mar,Mujer,175.993,24.095,116.793,35.105,"145,7"
5,Valparaíso,52,Isla de Pascua,5201,Isla de Pascua,Total Comuna,4.800,1.033,3.362,405,"39,2"
5,Valparaíso,52,Isla de Pascua,5201,Isla de Pascua,Hombre,2.351,523,1.647,181,"34,6"
5,Valparaíso,52,Isla de Pascua,5201,Isla de Pascua,Mujer,2.449,510,1.715,224,"43,9"
5,Valparaíso,53,Los Andes,5301,Los Andes,Total Comuna,63.440,11.610,42.069,9.761,"84,1"
5,Valparaíso,53,Los Andes,5301,Los Andes,Hombre,30.469,5.820,20.454,4.195,"72,1"
5,Valparaíso,53,Los Andes,5301,Los Andes,Mujer,32.971,5.790,21.615,5.566,"96,1"
5,Valparaíso,53,Los Andes,5302,Calle Larga,Total Comuna,16.597,3.392,11.010,2.195,"64,7"
5,Valparaíso,53,Los Andes,5302,Calle Larga,Hombre,8.139,1.697,5.391,1.051,"61,9"
5,Valparaíso,53,Los Andes,5302,Calle Larga,Mujer,8.458,1.695,5.619,1.144,"67,5"
5,Valparaíso,53,Los Andes,5303,Rinconada,Total Comuna,11.855,2.499,7.782,1.574,"63,0"
5,Valparaíso,53,Los Andes,5303,Rinconada,Hombre,5.851,1.313,3.789,749,"57,0"
5,Valparaíso,53,Los Andes,5303,Rinconada,Mujer,6.004,1.186,3.993,825,"69,6"
5,Valparaíso,53,Los Andes,5304,San Esteban,Total Comuna,20.112,3.826,13.402,2.884,"75,4"
5,Valparaíso,53,Los Andes,5304,San Esteban,Hombre,9.835,1.946,6.508,1.381,"71,0"
5,Valparaíso,53,Los Andes,5304,San Esteban,Mujer,10.277,1.880,6.894,1.503,"79,9"
5,Valparaíso,54,Petorca,5401,La Ligua,Total Comuna,39.270,6.808,25.896,6.566,"96,4"
5,Valparaíso,54,Petorca,5401,La Ligua,Hombre,19.171,3.450,12.644,3.077,"89,2"
5,Valparaíso,54,Petorca,5401,La Ligua,Mujer,20.099,3.358,13.252,3.489,"103,9"
5,Valparaíso,54,Petorca,5402,Cabildo,Total Comuna,20.015,3.629,13.186,3.200,"88,2"
5,Valparaíso,54,Petorca,5402,Cabildo,Hombre,9.860,1.859,6.443,1.558,"83,8"
5,Valparaíso,54,Petorca,5402,Cabildo,Mujer,10.155,1.770,6.743,1.642,"92,8"
5,Valparaíso,54,Petorca,5403,Papudo,Total Comuna,7.561,1.334,4.903,1.324,"99,3"
5,Valparaíso,54,Petorca,5403,Papudo,Hombre,3.766,678,2.466,622,"91,7"
5,Valparaíso,54,Petorca,5403,Papudo,Mujer,3.795,656,2.437,702,"107,0"
5,Valparaíso,54,Petorca,5404,Petorca,Total Comuna,10.206,1.656,6.704,1.846,"111,5"
5,Valparaíso,54,Petorca,5404,Petorca,Hombre,5.030,824,3.323,883,"107,2"
5,Valparaíso,54,Petorca,5404,Petorca,Mujer,5.176,832,3.381,963,"115,7"
5,Valparaíso,54,Petorca,5405,Zapallar,Total Comuna,7.980,1.501,5.006,1.473,"98,1"
5,Valparaíso,54,Petorca,5405,Zapallar,Hombre,3.902,738,2.473,691,"93,6"
5,Valparaíso,54,Petorca,5405,Zapallar,Mujer,4.078,763,2.533,782,"102,5"
5,Valparaíso,55,Quillota,5501,Quillota,Total Comuna,96.753,17.090,64.270,15.393,"90,1"
5,Valparaíso,55,Quillota,5501,Quillota,Hombre,46.621,8.759,31.207,6.655,"76,0"
5,Valparaíso,55,Quillota,5501,Quillota,Mujer,50.132,8.331,33.063,8.738,"104,9"
5,Valparaíso,55,Quillota,5502,Calera,Total Comuna,50.631,9.069,33.436,8.126,"89,6"
5,Valparaíso,55,Quillota,5502,Calera,Hombre,24.513,4.614,16.322,3.577,"77,5"
5,Valparaíso,55,Quillota,5502,Calera,Mujer,26.118,4.455,17.114,4.549,"102,1"
5,Valparaíso,55,Quillota,5503,Hijuelas,Total Comuna,19.286,3.588,12.948,2.750,"76,6"
5,Valparaíso,55,Quillota,5503,Hijuelas,Hombre,9.518,1.754,6.433,1.331,"75,9"
5,Valparaíso,55,Quillota,5503,Hijuelas,Mujer,9.768,1.834,6.515,1.419,"77,4"
5,Valparaíso,55,Quillota,5504,La Cruz,Total Comuna,24.939,5.036,16.847,3.056,"60,7"
5,Valparaíso,55,Quillota,5504,La Cruz,Hombre,11.993,2.575,8.064,1.354,"52,6"
5,Valparaíso,55,Quillota,5504,La Cruz,Mujer,12.946,2.461,8.783,1.702,"69,2"
5,Valparaíso,55,Quillota,5506,Nogales,Total Comuna,22.136,3.843,14.552,3.741,"97,3"
5,Valparaíso,55,Quillota,5506,Nogales,Hombre,10.849,1.944,7.190,1.715,"88,2"
5,Valparaíso,55,Quillota,5506,Nogales,Mujer,11.287,1.899,7.362,2.026,"106,7"
5,Valparaíso,56,San Antonio,5601,San Antonio,Total Comuna,96.770,17.827,64.360,14.583,"81,8"
5,Valparaíso,56,San Antonio,5601,San Antonio,Hombre,46.972,9.066,31.556,6.350,"70,0"
5,Valparaíso,56,San Antonio,5601,San Antonio,Mujer,49.798,8.761,32.804,8.233,"94,0"
5,Valparaíso,56,San Antonio,5602,Algarrobo,Total Comuna,16.076,2.416,9.648,4.012,"166,1"
5,Valparaíso,56,San Antonio,5602,Algarrobo,Hombre,7.673,1.230,4.652,1.791,"145,6"
5,Valparaíso,56,San Antonio,5602,Algarrobo,Mujer,8.403,1.186,4.996,2.221,"187,3"
5,Valparaíso,56,San Antonio,5603,Cartagena,Total Comuna,24.599,4.318,15.223,5.058,"117,1"
5,Valparaíso,56,San Antonio,5603,Cartagena,Hombre,12.043,2.216,7.500,2.327,"105,0"
5,Valparaíso,56,San Antonio,5603,Cartagena,Mujer,12.556,2.102,7.723,2.731,"129,9"
5,Valparaíso,56,San Antonio,5604,El Quisco,Total Comuna,18.971,2.925,11.281,4.765,"162,9"
5,Valparaíso,56,San Antonio,5604,El Quisco,Hombre,9.088,1.492,5.428,2.168,"145,3"
5,Valparaíso,56,San Antonio,5604,El Quisco,Mujer,9.883,1.433,5.853,2.597,"181,2"
5,Valparaíso,56,San Antonio,5605,El Tabo,Total Comuna,16.260,2.406,9.571,4.283,"178,0"
5,Valparaíso,56,San Antonio,5605,El Tabo,Hombre,7.915,1.192,4.732,1.991,"167,0"
5,Valparaíso,56,San Antonio,5605,El Tabo,Mujer,8.345,1.214,4.839,2.292,"188,8"
5,Valparaíso,56,San Antonio,5606,Santo Domingo,Total Comuna,13.171,2.382,8.315,2.474,"103,9"
5,Valparaíso,56,San Antonio,5606,Santo Domingo,Hombre,6.437,1.199,4.050,1.188,"99,1"
5,Valparaíso,56,San Antonio,5606,Santo Domingo,Mujer,6.734,1.183,4.265,1.286,"108,7"
5,Valparaíso,57,San Felipe de Aconcagua,5701,San Felipe,Total Comuna,80.413,14.984,54.221,11.208,"74,8"
5,Valparaíso,57,San Felipe de Aconcagua,5701,San Felipe,Hombre,38.921,7.629,26.407,4.885,"64,0"
5,Valparaíso,57,San Felipe de Aconcagua,5701,San Felipe,Mujer,41.492,7.355,27.814,6.323,"86,0"
5,Valparaíso,57,San Felipe de Aconcagua,5702,Catemu,Total Comuna,13.760,2.445,9.023,2.292,"93,7"
5,Valparaíso,57,San Felipe de Aconcagua,5702,Catemu,Hombre,6.728,1.226,4.395,1.107,"90,3"
5,Valparaíso,57,San Felipe de Aconcagua,5702,Catemu,Mujer,7.032,1.219,4.628,1.185,"97,2"
5,Valparaíso,57,San Felipe de Aconcagua,5703,Llaillay,Total Comuna,25.484,4.982,16.630,3.872,"77,7"
5,Valparaíso,57,San Felipe de Aconcagua,5703,Llaillay,Hombre,12.538,2.595,8.173,1.770,"68,2"
5,Valparaíso,57,San Felipe de Aconcagua,5703,Llaillay,Mujer,12.946,2.387,8.457,2.102,"88,1"
5,Valparaíso,57,San Felipe de Aconcagua,5704,Panquehue,Total Comuna,7.269,1.313,4.855,1.101,"83,9"
5,Valparaíso,57,San Felipe de Aconcagua,5704,Panquehue,Hombre,3.582,705,2.334,543,"77,0"
5,Valparaíso,57,San Felipe de Aconcagua,5704,Panquehue,Mujer,3.687,608,2.521,558,"91,8"
5,Valparaíso,57,San Felipe de Aconcagua,5705,Putaendo,Total Comuna,17.336,3.052,11.232,3.052,"100,0"
5,Valparaíso,57,San Felipe de Aconcagua,5705,Putaendo,Hombre,8.531,1.539,5.549,1.443,"93,8"
5,Valparaíso,57,San Felipe de Aconcagua,5705,Putaendo,Mujer,8.805,1.513,5.683,1.609,"106,3"
5,Valparaíso,57,San Felipe de Aconcagua,5706,Santa María,Total Comuna,15.134,2.713,9.955,2.466,"90,9"
5,Valparaíso,57,San Felipe de Aconcagua,5706,Santa María,Hombre,7.325,1.374,4.778,1.173,"85,4"
5,Valparaíso,57,San Felipe de Aconcagua,5706,Santa María,Mujer,7.809,1.339,5.177,1.293,"96,6"
5,Valparaíso,58,Marga Marga,5801,Quilpué,Total Comuna,162.559,25.457,108.387,28.715,"112,8"
5,Valparaíso,58,Marga Marga,5801,Quilpué,Hombre,77.149,12.941,52.314,11.894,"91,9"
5,Valparaíso,58,Marga Marga,5801,Quilpué,Mujer,85.410,12.516,56.073,16.821,"134,4"
5,Valparaíso,58,Marga Marga,5802,Limache,Total Comuna,56.145,10.301,36.999,8.845,"85,9"
5,Valparaíso,58,Marga Marga,5802,Limache,Hombre,27.348,5.317,18.135,3.896,"73,3"
5,Valparaíso,58,Marga Marga,5802,Limache,Mujer,28.797,4.984,18.864,4.949,"99,3"
5,Valparaíso,58,Marga Marga,5803,Olmué,Total Comuna,19.778,3.338,12.602,3.838,"115,0"
5,Valparaíso,58,Marga Marga,5803,Olmué,Hombre,9.668,1.702,6.152,1.814,"106,6"
5,Valparaíso,58,Marga Marga,5803,Olmué,Mujer,10.110,1.636,6.450,2.024,"123,7"
5,Valparaíso,58,Marga Marga,5804,Villa Alemana,Total Comuna,139.571,24.469,93.351,21.751,"88,9"
5,Valparaíso,58,Marga Marga,5804,Villa Alemana,Hombre,65.629,12.471,44.213,8.945,"71,7"
5,Valparaíso,58,Marga Marga,5804,Villa Alemana,Mujer,73.942,11.998,49.138,12.806,"106,7"
13,Metropolitana de Santiago,131,Santiago,13101,Santiago,Total Comuna,438.856,55.702,347.717,35.437,"63,6"
13,Metropolitana de Santiago,131,Santiago,13101,Santiago,Hombre,223.237,28.088,181.001,14.148,"50,4"
13,Metropolitana de Santiago,131,Santiago,13101,Santiago,Mujer,215.619,27.614,166.716,21.289,"77,1"
13,Metropolitana de Santiago,131,Santiago,13102,Cerrillos,Total Comuna,85.041,15.862,58.120,11.059,"69,7"
13,Metropolitana de Santiago,131,Santiago,13102,Cerrillos,Hombre,41.216,8.231,28.572,4.413,"53,6"
13,Metropolitana de Santiago,131,Santiago,13102,Cerrillos,Mujer,43.825,7.631,29.548,6.646,"87,1"
13,Metropolitana de Santiago,131,Santiago,13103,Cerro Navia,Total Comuna,127.250,22.366,86.151,18.733,"83,8"
13,Metropolitana de Santiago,131,Santiago,13103,Cerro Navia,Hombre,62.329,11.286,43.149,7.894,"69,9"
13,Metropolitana de Santiago,131,Santiago,13103,Cerro Navia,Mujer,64.921,11.080,43.002,10.839,"97,8"
13,Metropolitana de Santiago,131,Santiago,13104,Conchalí,Total Comuna,121.587,20.108,82.231,19.248,"95,7"
13,Metropolitana de Santiago,131,Santiago,13104,Conchalí,Hombre,59.122,10.224,41.019,7.879,"77,1"
13,Metropolitana de Santiago,131,Santiago,13104,Conchalí,Mujer,62.465,9.884,41.212,11.369,"115,0"
13,Metropolitana de Santiago,131,Santiago,13105,El Bosque,Total Comuna,155.257,27.509,103.712,24.036,"87,4"
13,Metropolitana de Santiago,131,Santiago,13105,El Bosque,Hombre,75.720,14.102,51.592,10.026,"71,1"
13,Metropolitana de Santiago,131,Santiago,13105,El Bosque,Mujer,79.537,13.407,52.120,14.010,"104,5"
13,Metropolitana de Santiago,131,Santiago,13106,Estación Central,Total Comuna,181.049,31.175,130.583,19.291,"61,9"
13,Metropolitana de Santiago,131,Santiago,13106,Estación Central,Hombre,88.630,15.829,64.954,7.847,"49,6"
13,Metropolitana de Santiago,131,Santiago,13106,Estación Central,Mujer,92.419,15.346,65.629,11.444,"74,6"
13,Metropolitana de Santiago,131,Santiago,13107,Huechuraba,Total Comuna,101.808,19.459,70.891,11.458,"58,9"
13,Metropolitana de Santiago,131,Santiago,13107,Huechuraba,Hombre,49.479,9.906,34.822,4.751,"48,0"
13,Metropolitana de Santiago,131,Santiago,13107,Huechuraba,Mujer,52.329,9.553,36.069,6.707,"70,2"
13,Metropolitana de Santiago,131,Santiago,13108,Independencia,Total Comuna,116.943,20.475,83.629,12.839,"62,7"
13,Metropolitana de Santiago,131,Santiago,13108,Independencia,Hombre,56.916,10.448,41.401,5.067,"48,5"
13,Metropolitana de Santiago,131,Santiago,13108,Independencia,Mujer,60.027,10.027,42.228,7.772,"77,5"
13,Metropolitana de Santiago,131,Santiago,13109,La Cisterna,Total Comuna,103.157,17.137,71.244,14.776,"86,2"
13,Metropolitana de Santiago,131,Santiago,13109,La Cisterna,Hombre,49.154,8.775,34.531,5.848,"66,6"
13,Metropolitana de Santiago,131,Santiago,13109,La Cisterna,Mujer,54.003,8.362,36.713,8.928,"106,8"
13,Metropolitana de Santiago,131,Santiago,13110,La Florida,Total Comuna,374.836,58.762,255.327,60.747,"103,4"
13,Metropolitana de Santiago,131,Santiago,13110,La Florida,Hombre,178.461,29.932,123.806,24.723,"82,6"
13,Metropolitana de Santiago,131,Santiago,13110,La Florida,Mujer,196.375,28.830,131.521,36.024,"125,0"
13,Metropolitana de Santiago,131,Santiago,13111,La Granja,Total Comuna,112.022,18.992,74.749,18.281,"96,3"
13,Metropolitana de Santiago,131,Santiago,13111,La Granja,Hombre,54.758,9.795,37.078,7.885,"80,5"
13,Metropolitana de Santiago,131,Santiago,13111,La Granja,Mujer,57.264,9.197,37.671,10.396,"113,0"
13,Metropolitana de Santiago,131,Santiago,13112,La Pintana,Total Comuna,175.421,35.740,117.380,22.301,"62,4"
13,Metropolitana de Santiago,131,Santiago,13112,La Pintana,Hombre,85.240,18.186,57.340,9.714,"53,4"
13,Metropolitana de Santiago,131,Santiago,13112,La Pintana,Mujer,90.181,17.554,60.040,12.587,"71,7"
13,Metropolitana de Santiago,131,Santiago,13113,La Reina,Total Comuna,89.870,14.657,59.117,16.096,"109,8"
13,Metropolitana de Santiago,131,Santiago,13113,La Reina,Hombre,42.260,7.483,28.343,6.434,"86,0"
13,Metropolitana de Santiago,131,Santiago,13113,La Reina,Mujer,47.610,7.174,30.774,9.662,"134,7"
13,Metropolitana de Santiago,131,Santiago,13114,Las Condes,Total Comuna,296.134,41.831,200.620,53.683,"128,3"
13,Metropolitana de Santiago,131,Santiago,13114,Las Condes,Hombre,137.984,21.312,95.531,21.141,"99,2"
13,Metropolitana de Santiago,131,Santiago,13114,Las Condes,Mujer,158.150,20.519,105.089,32.542,"158,6"
13,Metropolitana de Santiago,131,Santiago,13115,Lo Barnechea,Total Comuna,112.620,22.642,77.153,12.825,"56,6"
13,Metropolitana de Santiago,131,Santiago,13115,Lo Barnechea,Hombre,53.609,11.518,36.317,5.774,"50,1"
13,Metropolitana de Santiago,131,Santiago,13115,Lo Barnechea,Mujer,59.011,11.124,40.836,7.051,"63,4"
13,Metropolitana de Santiago,131,Santiago,13116,Lo Espejo,Total Comuna,87.295,15.405,58.289,13.601,"88,3"
13,Metropolitana de Santiago,131,Santiago,13116,Lo Espejo,Hombre,43.095,7.898,29.359,5.838,"73,9"
13,Metropolitana de Santiago,131,Santiago,13116,Lo Espejo,Mujer,44.200,7.507,28.930,7.763,"103,4"
13,Metropolitana de Santiago,131,Santiago,13117,Lo Prado,Total Comuna,91.290,14.324,61.872,15.094,"105,4"
13,Metropolitana de Santiago,131,Santiago,13117,Lo Prado,Hombre,44.300,7.326,30.833,6.141,"83,8"
13,Metropolitana de Santiago,131,Santiago,13117,Lo Prado,Mujer,46.990,6.998,31.039,8.953,"127,9"
13,Metropolitana de Santiago,131,Santiago,13118,Macul,Total Comuna,123.800,17.981,85.893,19.926,"110,8"
13,Metropolitana de Santiago,131,Santiago,13118,Macul,Hombre,58.479,9.143,41.631,7.705,"84,3"
13,Metropolitana de Santiago,131,Santiago,13118,Macul,Mujer,65.321,8.838,44.262,12.221,"138,3"
13,Metropolitana de Santiago,131,Santiago,13119,Maipú,Total Comuna,503.635,80.972,351.536,71.127,"87,8"
13,Metropolitana de Santiago,131,Santiago,13119,Maipú,Hombre,240.903,41.282,169.683,29.938,"72,5"
13,Metropolitana de Santiago,131,Santiago,13119,Maipú,Mujer,262.732,39.690,181.853,41.189,"103,8"
13,Metropolitana de Santiago,131,Santiago,13120,Ñuñoa,Total Comuna,241.467,31.138,174.549,35.780,"114,9"
13,Metropolitana de Santiago,131,Santiago,13120,Ñuñoa,Hombre,111.613,15.895,82.731,12.987,"81,7"
13,Metropolitana de Santiago,131,Santiago,13120,Ñuñoa,Mujer,129.854,15.243,91.818,22.793,"149,5"
13,Metropolitana de Santiago,131,Santiago,13121,Pedro Aguirre Cerda,Total Comuna,96.062,15.423,63.083,17.556,"113,8"
13,Metropolitana de Santiago,131,Santiago,13121,Pedro Aguirre Cerda,Hombre,47.073,7.965,31.763,7.345,"92,2"
13,Metropolitana de Santiago,131,Santiago,13121,Pedro Aguirre Cerda,Mujer,48.989,7.458,31.320,10.211,"136,9"
13,Metropolitana de Santiago,131,Santiago,13122,Peñalolén,Total Comuna,236.478,40.122,164.801,31.555,"78,6"
13,Metropolitana de Santiago,131,Santiago,13122,Peñalolén,Hombre,114.260,20.384,80.644,13.232,"64,9"
13,Metropolitana de Santiago,131,Santiago,13122,Peñalolén,Mujer,122.218,19.738,84.157,18.323,"92,8"
13,Metropolitana de Santiago,131,Santiago,13123,Providencia,Total Comuna,143.974,17.123,103.746,23.105,"134,9"
13,Metropolitana de Santiago,131,Santiago,13123,Providencia,Hombre,67.329,8.647,50.190,8.492,"98,2"
13,Metropolitana de Santiago,131,Santiago,13123,Providencia,Mujer,76.645,8.476,53.556,14.613,"172,4"
13,Metropolitana de Santiago,131,Santiago,13124,Pudahuel,Total Comuna,227.820,40.541,159.466,27.813,"68,6"
13,Metropolitana de Santiago,131,Santiago,13124,Pudahuel,Hombre,109.673,20.352,77.603,11.718,"57,6"
13,Metropolitana de Santiago,131,Santiago,13124,Pudahuel,Mujer,118.147,20.189,81.863,16.095,"79,7"
13,Metropolitana de Santiago,131,Santiago,13125,Quilicura,Total Comuna,205.624,39.177,148.463,17.984,"45,9"
13,Metropolitana de Santiago,131,Santiago,13125,Quilicura,Hombre,99.649,20.040,71.943,7.666,"38,3"
13,Metropolitana de Santiago,131,Santiago,13125,Quilicura,Mujer,105.975,19.137,76.520,10.318,"53,9"
13,Metropolitana de Santiago,131,Santiago,13126,Quinta Normal,Total Comuna,129.351,22.064,90.143,17.144,"77,7"
13,Metropolitana de Santiago,131,Santiago,13126,Quinta Normal,Hombre,63.130,11.281,44.759,7.090,"62,8"
13,Metropolitana de Santiago,131,Santiago,13126,Quinta Normal,Mujer,66.221,10.783,45.384,10.054,"93,2"
13,Metropolitana de Santiago,131,Santiago,13127,Recoleta,Total Comuna,154.615,25.486,106.537,22.592,"88,6"
13,Metropolitana de Santiago,131,Santiago,13127,Recoleta,Hombre,76.020,12.979,53.645,9.396,"72,4"
13,Metropolitana de Santiago,131,Santiago,13127,Recoleta,Mujer,78.595,12.507,52.892,13.196,"105,5"
13,Metropolitana de Santiago,131,Santiago,13128,Renca,Total Comuna,143.622,27.703,97.531,18.388,"66,4"
13,Metropolitana de Santiago,131,Santiago,13128,Renca,Hombre,69.985,14.107,48.110,7.768,"55,1"
13,Metropolitana de Santiago,131,Santiago,13128,Renca,Mujer,73.637,13.596,49.421,10.620,"78,1"
13,Metropolitana de Santiago,131,Santiago,13129,San Joaquín,Total Comuna,95.602,14.852,64.957,15.793,"106,3"
13,Metropolitana de Santiago,131,Santiago,13129,San Joaquín,Hombre,45.983,7.525,32.031,6.427,"85,4"
13,Metropolitana de Santiago,131,Santiago,13129,San Joaquín,Mujer,49.619,7.327,32.926,9.366,"127,8"
13,Metropolitana de Santiago,131,Santiago,13130,San Miguel,Total Comuna,150.829,23.562,109.944,17.323,"73,5"
13,Metropolitana de Santiago,131,Santiago,13130,San Miguel,Hombre,71.229,12.087,52.520,6.622,"54,8"
13,Metropolitana de Santiago,131,Santiago,13130,San Miguel,Mujer,79.600,11.475,57.424,10.701,"93,3"
13,Metropolitana de Santiago,131,Santiago,13131,San Ramón,Total Comuna,76.002,12.491,50.780,12.731,"101,9"
13,Metropolitana de Santiago,131,Santiago,13131,San Ramón,Hombre,37.417,6.435,25.720,5.262,"81,8"
13,Metropolitana de Santiago,131,Santiago,13131,San Ramón,Mujer,38.585,6.056,25.060,7.469,"123,3"
13,Metropolitana de Santiago,131,Santiago,13132,Vitacura,Total Comuna,86.420,15.015,54.778,16.627,"110,7"
13,Metropolitana de Santiago,131,Santiago,13132,Vitacura,Hombre,39.914,7.582,25.601,6.731,"88,8"
13,Metropolitana de Santiago,131,Santiago,13132,Vitacura,Mujer,46.506,7.433,29.177,9.896,"133,1"
13,Metropolitana de Santiago,132,Cordillera,13201,Puente Alto,Total Comuna,568.086,104.301,397.179,66.606,"63,9"
13,Metropolitana de Santiago,132,Cordillera,13201,Puente Alto,Hombre,273.928,53.441,192.224,28.263,"52,9"
13,Metropolitana de Santiago,132,Cordillera,13201,Puente Alto,Mujer,294.158,50.860,204.955,38.343,"75,4"
13,Metropolitana de Santiago,132,Cordillera,13202,Pirque,Total Comuna,29.060,5.449,19.617,3.994,"73,3"
13,Metropolitana de Santiago,132,Cordillera,13202,Pirque,Hombre,14.399,2.803,9.644,1.952,"69,6"
13,Metropolitana de Santiago,132,Cordillera,13202,Pirque,Mujer,14.661,2.646,9.973,2.042,"77,2"
13,Metropolitana de Santiago,132,Cordillera,13203,San José de Maipo,Total Comuna,17.441,2.932,11.748,2.761,"94,2"
13,Metropolitana de Santiago,132,Cordillera,13203,San José de Maipo,Hombre,8.674,1.505,5.862,1.307,"86,8"
13,Metropolitana de Santiago,132,Cordillera,13203,San José de Maipo,Mujer,8.767,1.427,5.886,1.454,"101,9"
13,Metropolitana de Santiago,133,Chacabuco,13301,Colina,Total Comuna,173.293,41.206,118.841,13.246,"32,1"
13,Metropolitana de Santiago,133,Chacabuco,13301,Colina,Hombre,86.925,21.021,59.799,6.105,"29,0"
13,Metropolitana de Santiago,133,Chacabuco,13301,Colina,Mujer,86.368,20.185,59.042,7.141,"35,4"
13,Metropolitana de Santiago,133,Chacabuco,13302,Lampa,Total Comuna,145.160,35.062,100.357,9.741,"27,8"
13,Metropolitana de Santiago,133,Chacabuco,13302,Lampa,Hombre,72.328,18.021,49.750,4.557,"25,3"
13,Metropolitana de Santiago,133,Chacabuco,13302,Lampa,Mujer,72.832,17.041,50.607,5.184,"30,4"
13,Metropolitana de Santiago,133,Chacabuco,13303,Tiltil,Total Comuna,19.742,3.901,13.134,2.707,"69,4"
13,Metropolitana de Santiago,133,Chacabuco,13303,Tiltil,Hombre,9.940,2.007,6.564,1.369,"68,2"
13,Metropolitana de Santiago,133,Chacabuco,13303,Tiltil,Mujer,9.802,1.894,6.570,1.338,"70,6"
13,Metropolitana de Santiago,134,Maipo,13401,San Bernardo,Total Comuna,306.371,60.805,210.882,34.684,"57,0"
13,Metropolitana de Santiago,134,Maipo,13401,San Bernardo,Hombre,148.696,30.928,102.844,14.924,"48,3"
13,Metropolitana de Santiago,134,Maipo,13401,San Bernardo,Mujer,157.675,29.877,108.038,19.760,"66,1"
13,Metropolitana de Santiago,134,Maipo,13402,Buin,Total Comuna,116.969,24.919,79.923,12.127,"48,7"
13,Metropolitana de Santiago,134,Maipo,13402,Buin,Hombre,56.564,12.584,38.698,5.282,"42,0"
13,Metropolitana de Santiago,134,Maipo,13402,Buin,Mujer,60.405,12.335,41.225,6.845,"55,5"
13,Metropolitana de Santiago,134,Maipo,13403,Calera de Tango,Total Comuna,25.491,4.593,17.463,3.435,"74,8"
13,Metropolitana de Santiago,134,Maipo,13403,Calera de Tango,Hombre,12.607,2.347,8.664,1.596,"68,0"
13,Metropolitana de Santiago,134,Maipo,13403,Calera de Tango,Mujer,12.884,2.246,8.799,1.839,"81,9"
13,Metropolitana de Santiago,134,Maipo,13404,Paine,Total Comuna,78.828,15.339,53.411,10.078,"65,7"
13,Metropolitana de Santiago,134,Maipo,13404,Paine,Hombre,38.873,7.819,26.255,4.799,"61,4"
13,Metropolitana de Santiago,134,Maipo,13404,Paine,Mujer,39.955,7.520,27.156,5.279,"70,2"
13,Metropolitana de Santiago,135,Melipilla,13501,Melipilla,Total Comuna,136.325,26.419,90.595,19.311,"73,1"
13,Metropolitana de Santiago,135,Melipilla,13501,Melipilla,Hombre,66.759,13.496,44.373,8.890,"65,9"
13,Metropolitana de Santiago,135,Melipilla,13501,Melipilla,Mujer,69.566,12.923,46.222,10.421,"80,6"
13,Metropolitana de Santiago,135,Melipilla,13502,Alhué,Total Comuna,7.768,1.611,5.146,1.011,"62,8"
13,Metropolitana de Santiago,135,Melipilla,13502,Alhué,Hombre,3.863,828,2.541,494,"59,7"
13,Metropolitana de Santiago,135,Melipilla,13502,Alhué,Mujer,3.905,783,2.605,517,"66,0"
13,Metropolitana de Santiago,135,Melipilla,13503,Curacaví,Total Comuna,35.165,6.456,23.399,5.310,"82,2"
13,Metropolitana de Santiago,135,Melipilla,13503,Curacaví,Hombre,17.226,3.246,11.494,2.486,"76,6"
13,Metropolitana de Santiago,135,Melipilla,13503,Curacaví,Mujer,17.939,3.210,11.905,2.824,"88,0"
13,Metropolitana de Santiago,135,Melipilla,13504,María Pinto,Total Comuna,15.352,2.900,10.086,2.366,"81,6"
13,Metropolitana de Santiago,135,Melipilla,13504,María Pinto,Hombre,7.559,1.444,4.981,1.134,"78,5"
13,Metropolitana de Santiago,135,Melipilla,13504,María Pinto,Mujer,7.793,1.456,5.105,1.232,"84,6"
13,Metropolitana de Santiago,135,Melipilla,13505,San Pedro,Total Comuna,11.108,2.134,7.083,1.891,"88,6"
13,Metropolitana de Santiago,135,Melipilla,13505,San Pedro,Hombre,5.696,1.080,3.636,980,"90,7"
13,Metropolitana de Santiago,135,Melipilla,13505,San Pedro,Mujer,5.412,1.054,3.447,911,"86,4"
13,Metropolitana de Santiago,136,Talagante,13601,Talagante,Total Comuna,76.429,14.473,52.079,9.877,"68,2"
13,Metropolitana de Santiago,136,Talagante,13601,Talagante,Hombre,37.488,7.359,25.784,4.345,"59,0"
13,Metropolitana de Santiago,136,Talagante,13601,Talagante,Mujer,38.941,7.114,26.295,5.532,"77,8"
13,Metropolitana de Santiago,136,Talagante,13602,El Monte,Total Comuna,37.497,7.528,24.958,5.011,"66,6"
13,Metropolitana de Santiago,136,Talagante,13602,El Monte,Hombre,18.347,3.856,12.199,2.292,"59,4"
13,Metropolitana de Santiago,136,Talagante,13602,El Monte,Mujer,19.150,3.672,12.759,2.719,"74,0"
13,Metropolitana de Santiago,136,Talagante,13603,Isla de Maipo,Total Comuna,39.274,7.507,26.615,5.152,"68,6"
13,Metropolitana de Santiago,136,Talagante,13603,Isla de Maipo,Hombre,19.401,3.829,13.140,2.432,"63,5"
13,Metropolitana de Santiago,136,Talagante,13603,Isla de Maipo,Mujer,19.873,3.678,13.475,2.720,"74,0"
13,Metropolitana de Santiago,136,Talagante,13604,Padre Hurtado,Total Comuna,81.243,17.481,55.983,7.779,"44,5"
13,Metropolitana de Santiago,136,Talagante,13604,Padre Hurtado,Hombre,39.781,8.997,27.362,3.422,"38,0"
13,Metropolitana de Santiago,136,Talagante,13604,Padre Hurtado,Mujer,41.462,8.484,28.621,4.357,"51,4"
13,Metropolitana de Santiago,136,Talagante,13605,Peñaflor,Total Comuna,94.402,17.745,64.609,12.048,"67,9"
13,Metropolitana de Santiago,136,Talagante,13605,Peñaflor,Hombre,45.612,8.994,31.461,5.157,"57,3"
13,Metropolitana de Santiago,136,Talagante,13605,Peñaflor,Mujer,48.790,8.751,33.148,6.891,"78,7"
6,Libertador General Bernardo O'Higgins,61,Cachapoal,6101,Rancagua,Total Comuna,257.744,45.782,176.099,35.863,"78,3"
6,Libertador General Bernardo O'Higgins,61,Cachapoal,6101,Rancagua,Hombre,125.172,23.374,86.488,15.310,"65,5"
6,Libertador General Bernardo O'Higgins,61,Cachapoal,6101,Rancagua,Mujer,132.572,22.408,89.611,20.553,"91,7"
6,Libertador General Bernardo O'Higgins,61,Cachapoal,6102,Codegua,Total Comuna,13.955,2.515,9.426,2.014,"80,1"
6,Libertador General Bernardo O'Higgins,61,Cachapoal,6102,Codegua,Hombre,6.885,1.241,4.675,969,"78,1"
6,Libertador General Bernardo O'Higgins,61,Cachapoal,6102,Codegua,Mujer,7.070,1.274,4.751,1.045,"82,0"
6,Libertador General Bernardo O'Higgins,61,Cachapoal,6103,Coinco,Total Comuna,7.916,1.333,5.136,1.447,"108,6"
6,Libertador General Bernardo O'Higgins,61,Cachapoal,6103,Coinco,Hombre,3.906,686,2.505,715,"104,2"
6,Libertador General Bernardo O'Higgins,61,Cachapoal,6103,Coinco,Mujer,4.010,647,2.631,732,"113,1"
6,Libertador General Bernardo O'Higgins,61,Cachapoal,6104,Coltauco,Total Comuna,21.373,3.867,14.060,3.446,"89,1"
6,Libertador General Bernardo O'Higgins,61,Cachapoal,6104,Coltauco,Hombre,10.653,1.974,7.021,1.658,"84,0"
6,Libertador General Bernardo O'Higgins,61,Cachapoal,6104,Coltauco,Mujer,10.720,1.893,7.039,1.788,"94,5"
6,Libertador General Bernardo O'Higgins,61,Cachapoal,6105,Doñihue,Total Comuna,21.925,4.064,14.540,3.321,"81,7"
6,Libertador General Bernardo O'Higgins,61,Cachapoal,6105,Doñihue,Hombre,10.706,2.024,7.120,1.562,"77,2"
6,Libertador General Bernardo O'Higgins,61,Cachapoal,6105,Doñihue,Mujer,11.219,2.040,7.420,1.759,"86,2"
6,Libertador General Bernardo O'Higgins,61,Cachapoal,6106,Graneros,Total Comuna,35.938,7.131,24.431,4.376,"61,4"
6,Libertador General Bernardo O'Higgins,61,Cachapoal,6106,Graneros,Hombre,17.613,3.640,11.997,1.976,"54,3"
6,Libertador General Bernardo O'Higgins,61,Cachapoal,6106,Graneros,Mujer,18.325,3.491,12.434,2.400,"68,7"
6,Libertador General Bernardo O'Higgins,61,Cachapoal,6107,Las Cabras,Total Comuna,27.554,4.932,18.155,4.467,"90,6"
6,Libertador General Bernardo O'Higgins,61,Cachapoal,6107,Las Cabras,Hombre,13.900,2.519,9.151,2.230,"88,5"
6,Libertador General Bernardo O'Higgins,61,Cachapoal,6107,Las Cabras,Mujer,13.654,2.413,9.004,2.237,"92,7"
6,Libertador General Bernardo O'Higgins,61,Cachapoal,6108,Machalí,Total Comuna,60.875,12.811,41.349,6.715,"52,4"
6,Libertador General Bernardo O'Higgins,61,Cachapoal,6108,Machalí,Hombre,29.507,6.546,19.946,3.015,"46,1"
6,Libertador General Bernardo O'Higgins,61,Cachapoal,6108,Machalí,Mujer,31.368,6.265,21.403,3.700,"59,1"
6,Libertador General Bernardo O'Higgins,61,Cachapoal,6109,Malloa,Total Comuna,13.882,2.348,9.106,2.428,"103,4"
6,Libertador General Bernardo O'Higgins,61,Cachapoal,6109,Malloa,Hombre,6.950,1.193,4.557,1.200,"100,6"
6,Libertador General Bernardo O'Higgins,61,Cachapoal,6109,Malloa,Mujer,6.932,1.155,4.549,1.228,"106,3"
6,Libertador General Bernardo O'Higgins,61,Cachapoal,6110,Mostazal,Total Comuna,27.394,5.128,18.306,3.960,"77,2"
6,Libertador General Bernardo O'Higgins,61,Cachapoal,6110,Mostazal,Hombre,13.521,2.589,9.011,1.921,"74,2"
6,Libertador General Bernardo O'Higgins,61,Cachapoal,6110,Mostazal,Mujer,13.873,2.539,9.295,2.039,"80,3"
6,Libertador General Bernardo O'Higgins,61,Cachapoal,6111,Olivar,Total Comuna,13.901,2.478,9.342,2.081,"84,0"
6,Libertador General Bernardo O'Higgins,61,Cachapoal,6111,Olivar,Hombre,6.870,1.239,4.653,978,"78,9"
6,Libertador General Bernardo O'Higgins,61,Cachapoal,6111,Olivar,Mujer,7.031,1.239,4.689,1.103,"89,0"
6,Libertador General Bernardo O'Higgins,61,Cachapoal,6112,Peumo,Total Comuna,14.243,2.433,9.450,2.360,"97,0"
6,Libertador General Bernardo O'Higgins,61,Cachapoal,6112,Peumo,Hombre,7.115,1.250,4.739,1.126,"90,1"
6,Libertador General Bernardo O'Higgins,61,Cachapoal,6112,Peumo,Mujer,7.128,1.183,4.711,1.234,"104,3"
6,Libertador General Bernardo O'Higgins,61,Cachapoal,6113,Pichidegua,Total Comuna,20.363,3.458,13.191,3.714,"107,4"
6,Libertador General Bernardo O'Higgins,61,Cachapoal,6113,Pichidegua,Hombre,10.152,1.769,6.527,1.856,"104,9"
6,Libertador General Bernardo O'Higgins,61,Cachapoal,6113,Pichidegua,Mujer,10.211,1.689,6.664,1.858,"110,0"
6,Libertador General Bernardo O'Higgins,61,Cachapoal,6114,Quinta de Tilcoco,Total Comuna,13.558,2.283,9.068,2.207,"96,7"
6,Libertador General Bernardo O'Higgins,61,Cachapoal,6114,Quinta de Tilcoco,Hombre,6.648,1.139,4.448,1.061,"93,2"
6,Libertador General Bernardo O'Higgins,61,Cachapoal,6114,Quinta de Tilcoco,Mujer,6.910,1.144,4.620,1.146,"100,2"
6,Libertador General Bernardo O'Higgins,61,Cachapoal,6115,Rengo,Total Comuna,63.620,12.203,42.621,8.796,"72,1"
6,Libertador General Bernardo O'Higgins,61,Cachapoal,6115,Rengo,Hombre,30.925,6.216,20.690,4.019,"64,7"
6,Libertador General Bernardo O'Higgins,61,Cachapoal,6115,Rengo,Mujer,32.695,5.987,21.931,4.777,"79,8"
6,Libertador General Bernardo O'Higgins,61,Cachapoal,6116,Requínoa,Total Comuna,29.508,5.620,20.010,3.878,"69,0"
6,Libertador General Bernardo O'Higgins,61,Cachapoal,6116,Requínoa,Hombre,14.588,2.875,9.866,1.847,"64,2"
6,Libertador General Bernardo O'Higgins,61,Cachapoal,6116,Requínoa,Mujer,14.920,2.745,10.144,2.031,"74,0"
6,Libertador General Bernardo O'Higgins,61,Cachapoal,6117,San Vicente,Total Comuna,49.559,8.485,32.542,8.532,"100,6"
6,Libertador General Bernardo O'Higgins,61,Cachapoal,6117,San Vicente,Hombre,24.340,4.421,15.943,3.976,"89,9"
6,Libertador General Bernardo O'Higgins,61,Cachapoal,6117,San Vicente,Mujer,25.219,4.064,16.599,4.556,"112,1"
6,Libertador General Bernardo O'Higgins,62,Cardenal Caro,6201,Pichilemu,Total Comuna,19.847,3.565,13.018,3.264,"91,6"
6,Libertador General Bernardo O'Higgins,62,Cardenal Caro,6201,Pichilemu,Hombre,9.744,1.805,6.363,1.576,"87,3"
6,Libertador General Bernardo O'Higgins,62,Cardenal Caro,6201,Pichilemu,Mujer,10.103,1.760,6.655,1.688,"95,9"
6,Libertador General Bernardo O'Higgins,62,Cardenal Caro,6202,La Estrella,Total Comuna,4.609,728,2.938,943,"129,5"
6,Libertador General Bernardo O'Higgins,62,Cardenal Caro,6202,La Estrella,Hombre,2.343,363,1.506,474,"130,6"
6,Libertador General Bernardo O'Higgins,62,Cardenal Caro,6202,La Estrella,Mujer,2.266,365,1.432,469,"128,5"
6,Libertador General Bernardo O'Higgins,62,Cardenal Caro,6203,Litueche,Total Comuna,8.852,1.543,5.632,1.677,"108,7"
6,Libertador General Bernardo O'Higgins,62,Cardenal Caro,6203,Litueche,Hombre,4.443,791,2.801,851,"107,6"
6,Libertador General Bernardo O'Higgins,62,Cardenal Caro,6203,Litueche,Mujer,4.409,752,2.831,826,"109,8"
6,Libertador General Bernardo O'Higgins,62,Cardenal Caro,6204,Marchihue,Total Comuna,8.715,1.387,5.664,1.664,"120,0"
6,Libertador General Bernardo O'Higgins,62,Cardenal Caro,6204,Marchihue,Hombre,4.347,722,2.791,834,"115,5"
6,Libertador General Bernardo O'Higgins,62,Cardenal Caro,6204,Marchihue,Mujer,4.368,665,2.873,830,"124,8"
6,Libertador General Bernardo O'Higgins,62,Cardenal Caro,6205,Navidad,Total Comuna,8.885,1.467,5.456,1.962,"133,7"
6,Libertador General Bernardo O'Higgins,62,Cardenal Caro,6205,Navidad,Hombre,4.521,774,2.768,979,"126,5"
6,Libertador General Bernardo O'Higgins,62,Cardenal Caro,6205,Navidad,Mujer,4.364,693,2.688,983,"141,8"
6,Libertador General Bernardo O'Higgins,62,Cardenal Caro,6206,Paredones,Total Comuna,7.228,1.081,4.563,1.584,"146,5"
6,Libertador General Bernardo O'Higgins,62,Cardenal Caro,6206,Paredones,Hombre,3.667,542,2.319,806,"148,7"
6,Libertador General Bernardo O'Higgins,62,Cardenal Caro,6206,Paredones,Mujer,3.561,539,2.244,778,"144,3"
6,Libertador General Bernardo O'Higgins,63,Colchagua,6301,San Fernando,Total Comuna,75.585,14.159,50.250,11.176,"78,9"
6,Libertador General Bernardo O'Higgins,63,Colchagua,6301,San Fernando,Hombre,36.247,7.197,24.141,4.909,"68,2"
6,Libertador General Bernardo O'Higgins,63,Colchagua,6301,San Fernando,Mujer,39.338,6.962,26.109,6.267,"90,0"
6,Libertador General Bernardo O'Higgins,63,Colchagua,6302,Chépica,Total Comuna,15.668,2.565,10.207,2.896,"112,9"
6,Libertador General Bernardo O'Higgins,63,Colchagua,6302,Chépica,Hombre,7.737,1.311,5.035,1.391,"106,1"
6,Libertador General Bernardo O'Higgins,63,Colchagua,6302,Chépica,Mujer,7.931,1.254,5.172,1.505,"120,0"
6,Libertador General Bernardo O'Higgins,63,Colchagua,6303,Chimbarongo,Total Comuna,37.258,6.597,24.990,5.671,"86,0"
6,Libertador General Bernardo O'Higgins,63,Colchagua,6303,Chimbarongo,Hombre,18.467,3.362,12.386,2.719,"80,9"
6,Libertador General Bernardo O'Higgins,63,Colchagua,6303,Chimbarongo,Mujer,18.791,3.235,12.604,2.952,"91,3"
6,Libertador General Bernardo O'Higgins,63,Colchagua,6304,Lolol,Total Comuna,7.791,1.243,5.046,1.502,"120,8"
6,Libertador General Bernardo O'Higgins,63,Colchagua,6304,Lolol,Hombre,3.926,635,2.563,728,"114,6"
6,Libertador General Bernardo O'Higgins,63,Colchagua,6304,Lolol,Mujer,3.865,608,2.483,774,"127,3"
6,Libertador General Bernardo O'Higgins,63,Colchagua,6305,Nancagua,Total Comuna,18.723,3.295,12.573,2.855,"86,6"
6,Libertador General Bernardo O'Higgins,63,Colchagua,6305,Nancagua,Hombre,9.222,1.703,6.168,1.351,"79,3"
6,Libertador General Bernardo O'Higgins,63,Colchagua,6305,Nancagua,Mujer,9.501,1.592,6.405,1.504,"94,5"
6,Libertador General Bernardo O'Higgins,63,Colchagua,6306,Palmilla,Total Comuna,13.060,2.159,8.670,2.231,"103,3"
6,Libertador General Bernardo O'Higgins,63,Colchagua,6306,Palmilla,Hombre,6.547,1.116,4.302,1.129,"101,2"
6,Libertador General Bernardo O'Higgins,63,Colchagua,6306,Palmilla,Mujer,6.513,1.043,4.368,1.102,"105,7"
6,Libertador General Bernardo O'Higgins,63,Colchagua,6307,Peralillo,Total Comuna,12.493,2.048,8.292,2.153,"105,1"
6,Libertador General Bernardo O'Higgins,63,Colchagua,6307,Peralillo,Hombre,6.211,1.035,4.132,1.044,"100,9"
6,Libertador General Bernardo O'Higgins,63,Colchagua,6307,Peralillo,Mujer,6.282,1.013,4.160,1.109,"109,5"
6,Libertador General Bernardo O'Higgins,63,Colchagua,6308,Placilla,Total Comuna,9.438,1.639,6.246,1.553,"94,8"
6,Libertador General Bernardo O'Higgins,63,Colchagua,6308,Placilla,Hombre,4.739,849,3.150,740,"87,2"
6,Libertador General Bernardo O'Higgins,63,Colchagua,6308,Placilla,Mujer,4.699,790,3.096,813,"102,9"
6,Libertador General Bernardo O'Higgins,63,Colchagua,6309,Pumanque,Total Comuna,4.559,669,2.858,1.032,"154,3"
6,Libertador General Bernardo O'Higgins,63,Colchagua,6309,Pumanque,Hombre,2.299,343,1.460,496,"144,6"
6,Libertador General Bernardo O'Higgins,63,Colchagua,6309,Pumanque,Mujer,2.260,326,1.398,536,"164,4"
6,Libertador General Bernardo O'Higgins,63,Colchagua,6310,Santa Cruz,Total Comuna,41.209,7.301,27.469,6.439,"88,2"
6,Libertador General Bernardo O'Higgins,63,Colchagua,6310,Santa Cruz,Hombre,20.037,3.715,13.408,2.914,"78,4"
6,Libertador General Bernardo O'Higgins,63,Colchagua,6310,Santa Cruz,Mujer,21.172,3.586,14.061,3.525,"98,3"
7,Maule,71,Talca,7101,Talca,Total Comuna,232.131,40.405,157.683,34.043,"84,3"
7,Maule,71,Talca,7101,Talca,Hombre,110.996,20.701,75.833,14.462,"69,9"
7,Maule,71,Talca,7101,Talca,Mujer,121.135,19.704,81.850,19.581,"99,4"
7,Maule,71,Talca,7102,Constitución,Total Comuna,47.004,8.982,31.439,6.583,"73,3"
7,Maule,71,Talca,7102,Constitución,Hombre,23.154,4.623,15.342,3.189,"69,0"
7,Maule,71,Talca,7102,Constitución,Mujer,23.850,4.359,16.097,3.394,"77,9"
7,Maule,71,Talca,7103,Curepto,Total Comuna,9.519,1.240,5.998,2.281,"184,0"
7,Maule,71,Talca,7103,Curepto,Hombre,4.876,646,3.104,1.126,"174,3"
7,Maule,71,Talca,7103,Curepto,Mujer,4.643,594,2.894,1.155,"194,4"
7,Maule,71,Talca,7104,Empedrado,Total Comuna,3.990,705,2.651,634,"89,9"
7,Maule,71,Talca,7104,Empedrado,Hombre,2.046,381,1.338,327,"85,8"
7,Maule,71,Talca,7104,Empedrado,Mujer,1.944,324,1.313,307,"94,8"
7,Maule,71,Talca,7105,Maule,Total Comuna,61.081,13.674,42.295,5.112,"37,4"
7,Maule,71,Talca,7105,Maule,Hombre,29.505,6.924,20.180,2.401,"34,7"
7,Maule,71,Talca,7105,Maule,Mujer,31.576,6.750,22.115,2.711,"40,2"
7,Maule,71,Talca,7106,Pelarco,Total Comuna,9.229,1.649,5.976,1.604,"97,3"
7,Maule,71,Talca,7106,Pelarco,Hombre,4.592,861,2.955,776,"90,1"
7,Maule,71,Talca,7106,Pelarco,Mujer,4.637,788,3.021,828,"105,1"
7,Maule,71,Talca,7107,Pencahue,Total Comuna,9.181,1.446,6.126,1.609,"111,3"
7,Maule,71,Talca,7107,Pencahue,Hombre,4.641,730,3.083,828,"113,4"
7,Maule,71,Talca,7107,Pencahue,Mujer,4.540,716,3.043,781,"109,1"
7,Maule,71,Talca,7108,Río Claro,Total Comuna,14.276,2.438,9.363,2.475,"101,5"
7,Maule,71,Talca,7108,Río Claro,Hombre,7.195,1.257,4.650,1.288,"102,5"
7,Maule,71,Talca,7108,Río Claro,Mujer,7.081,1.181,4.713,1.187,"100,5"
7,Maule,71,Talca,7109,San Clemente,Total Comuna,47.380,8.878,31.246,7.256,"81,7"
7,Maule,71,Talca,7109,San Clemente,Hombre,23.424,4.478,15.310,3.636,"81,2"
7,Maule,71,Talca,7109,San Clemente,Mujer,23.956,4.400,15.936,3.620,"82,3"
7,Maule,71,Talca,7110,San Rafael,Total Comuna,11.230,2.129,7.353,1.748,"82,1"
7,Maule,71,Talca,7110,San Rafael,Hombre,5.552,1.086,3.610,856,"78,8"
7,Maule,71,Talca,7110,San Rafael,Mujer,5.678,1.043,3.743,892,"85,5"
7,Maule,72,Cauquenes,7201,Cauquenes,Total Comuna,42.798,7.540,27.249,8.009,"106,2"
7,Maule,72,Cauquenes,7201,Cauquenes,Hombre,20.295,3.731,13.057,3.507,"94,0"
7,Maule,72,Cauquenes,7201,Cauquenes,Mujer,22.503,3.809,14.192,4.502,"118,2"
7,Maule,72,Cauquenes,7202,Chanco,Total Comuna,9.446,1.569,6.130,1.747,"111,3"
7,Maule,72,Cauquenes,7202,Chanco,Hombre,4.698,801,3.040,857,"107,0"
7,Maule,72,Cauquenes,7202,Chanco,Mujer,4.748,768,3.090,890,"115,9"
7,Maule,72,Cauquenes,7203,Pelluhue,Total Comuna,8.578,1.497,5.364,1.717,"114,7"
7,Maule,72,Cauquenes,7203,Pelluhue,Hombre,4.158,752,2.606,800,"106,4"
7,Maule,72,Cauquenes,7203,Pelluhue,Mujer,4.420,745,2.758,917,"123,1"
7,Maule,73,Curicó,7301,Curicó,Total Comuna,159.968,29.580,108.493,21.895,"74,0"
7,Maule,73,Curicó,7301,Curicó,Hombre,77.105,14.856,52.658,9.591,"64,6"
7,Maule,73,Curicó,7301,Curicó,Mujer,82.863,14.724,55.835,12.304,"83,6"
7,Maule,73,Curicó,7302,Hualañé,Total Comuna,10.775,1.703,6.915,2.157,"126,7"
7,Maule,73,Curicó,7302,Hualañé,Hombre,5.392,902,3.424,1.066,"118,2"
7,Maule,73,Curicó,7302,Hualañé,Mujer,5.383,801,3.491,1.091,"136,2"
7,Maule,73,Curicó,7303,Licantén,Total Comuna,6.892,1.095,4.507,1.290,"117,8"
7,Maule,73,Curicó,7303,Licantén,Hombre,3.372,518,2.219,635,"122,6"
7,Maule,73,Curicó,7303,Licantén,Mujer,3.520,577,2.288,655,"113,5"
7,Maule,73,Curicó,7304,Molina,Total Comuna,48.949,8.813,32.549,7.587,"86,1"
7,Maule,73,Curicó,7304,Molina,Hombre,23.906,4.573,15.810,3.523,"77,0"
7,Maule,73,Curicó,7304,Molina,Mujer,25.043,4.240,16.739,4.064,"95,8"
7,Maule,73,Curicó,7305,Rauco,Total Comuna,11.266,1.904,7.476,1.886,"99,1"
7,Maule,73,Curicó,7305,Rauco,Hombre,5.613,986,3.698,929,"94,2"
7,Maule,73,Curicó,7305,Rauco,Mujer,5.653,918,3.778,957,"104,2"
7,Maule,73,Curicó,7306,Romeral,Total Comuna,17.233,3.167,11.661,2.405,"75,9"
7,Maule,73,Curicó,7306,Romeral,Hombre,8.448,1.559,5.756,1.133,"72,7"
7,Maule,73,Curicó,7306,Romeral,Mujer,8.785,1.608,5.905,1.272,"79,1"
7,Maule,73,Curicó,7307,Sagrada Familia,Total Comuna,19.427,3.258,13.060,3.109,"95,4"
7,Maule,73,Curicó,7307,Sagrada Familia,Hombre,9.751,1.657,6.521,1.573,"94,9"
7,Maule,73,Curicó,7307,Sagrada Familia,Mujer,9.676,1.601,6.539,1.536,"95,9"
7,Maule,73,Curicó,7308,Teno,Total Comuna,30.113,5.152,20.146,4.815,"93,5"
7,Maule,73,Curicó,7308,Teno,Hombre,14.982,2.624,9.957,2.401,"91,5"
7,Maule,73,Curicó,7308,Teno,Mujer,15.131,2.528,10.189,2.414,"95,5"
7,Maule,73,Curicó,7309,Vichuquén,Total Comuna,4.716,696,3.064,956,"137,4"
7,Maule,73,Curicó,7309,Vichuquén,Hombre,2.426,367,1.562,497,"135,4"
7,Maule,73,Curicó,7309,Vichuquén,Mujer,2.290,329,1.502,459,"139,5"
7,Maule,74,Linares,7401,Linares,Total Comuna,96.744,17.721,63.821,15.202,"85,8"
7,Maule,74,Linares,7401,Linares,Hombre,46.158,9.054,30.529,6.575,"72,6"
7,Maule,74,Linares,7401,Linares,Mujer,50.586,8.667,33.292,8.627,"99,5"
7,Maule,74,Linares,7402,Colbún,Total Comuna,22.637,4.149,14.718,3.770,"90,9"
7,Maule,74,Linares,7402,Colbún,Hombre,11.087,2.185,7.094,1.808,"82,7"
7,Maule,74,Linares,7402,Colbún,Mujer,11.550,1.964,7.624,1.962,"99,9"
7,Maule,74,Linares,7403,Longaví,Total Comuna,33.299,5.836,21.982,5.481,"93,9"
7,Maule,74,Linares,7403,Longaví,Hombre,16.598,2.981,10.789,2.828,"94,9"
7,Maule,74,Linares,7403,Longaví,Mujer,16.701,2.855,11.193,2.653,"92,9"
7,Maule,74,Linares,7404,Parral,Total Comuna,45.323,8.250,29.325,7.748,"93,9"
7,Maule,74,Linares,7404,Parral,Hombre,21.848,4.193,14.056,3.599,"85,8"
7,Maule,74,Linares,7404,Parral,Mujer,23.475,4.057,15.269,4.149,"102,3"
7,Maule,74,Linares,7405,Retiro,Total Comuna,22.310,3.894,14.595,3.821,"98,1"
7,Maule,74,Linares,7405,Retiro,Hombre,11.082,1.975,7.188,1.919,"97,2"
7,Maule,74,Linares,7405,Retiro,Mujer,11.228,1.919,7.407,1.902,"99,1"
7,Maule,74,Linares,7406,San Javier,Total Comuna,49.559,9.469,32.493,7.597,"80,2"
7,Maule,74,Linares,7406,San Javier,Hombre,23.732,4.737,15.451,3.544,"74,8"
7,Maule,74,Linares,7406,San Javier,Mujer,25.827,4.732,17.042,4.053,"85,7"
7,Maule,74,Linares,7407,Villa Alegre,Total Comuna,17.919,3.237,11.476,3.206,"99,0"
7,Maule,74,Linares,7407,Villa Alegre,Hombre,8.616,1.661,5.475,1.480,"89,1"
7,Maule,74,Linares,7407,Villa Alegre,Mujer,9.303,1.576,6.001,1.726,"109,5"
7,Maule,74,Linares,7408,Yerbas Buenas,Total Comuna,20.035,3.654,13.249,3.132,"85,7"
7,Maule,74,Linares,7408,Yerbas Buenas,Hombre,10.007,1.867,6.558,1.582,"84,7"
7,Maule,74,Linares,7408,Yerbas Buenas,Mujer,10.028,1.787,6.691,1.550,"86,7"
16,Ñuble,161,Diguillín,16101,Chillán,Total Comuna,190.382,33.121,128.445,28.816,"87,0"
16,Ñuble,161,Diguillín,16101,Chillán,Hombre,89.482,16.883,60.749,11.850,"70,2"
16,Ñuble,161,Diguillín,16101,Chillán,Mujer,100.900,16.238,67.696,16.966,"104,5"
16,Ñuble,161,Diguillín,16102,Bulnes,Total Comuna,23.863,4.139,15.611,4.113,"99,4"
16,Ñuble,161,Diguillín,16102,Bulnes,Hombre,11.472,2.045,7.539,1.888,"92,3"
16,Ñuble,161,Diguillín,16102,Bulnes,Mujer,12.391,2.094,8.072,2.225,"106,3"
16,Ñuble,161,Diguillín,16103,Chillán Viejo,Total Comuna,32.688,6.012,22.541,4.135,"68,8"
16,Ñuble,161,Diguillín,16103,Chillán Viejo,Hombre,15.486,3.031,10.666,1.789,"59,0"
16,Ñuble,161,Diguillín,16103,Chillán Viejo,Mujer,17.202,2.981,11.875,2.346,"78,7"
16,Ñuble,161,Diguillín,16104,El Carmen,Total Comuna,13.186,2.195,8.698,2.293,"104,5"
16,Ñuble,161,Diguillín,16104,El Carmen,Hombre,6.548,1.141,4.310,1.097,"96,1"
16,Ñuble,161,Diguillín,16104,El Carmen,Mujer,6.638,1.054,4.388,1.196,"113,5"
16,Ñuble,161,Diguillín,16105,Pemuco,Total Comuna,8.930,1.517,5.910,1.503,"99,1"
16,Ñuble,161,Diguillín,16105,Pemuco,Hombre,4.416,781,2.907,728,"93,2"
16,Ñuble,161,Diguillín,16105,Pemuco,Mujer,4.514,736,3.003,775,"105,3"
16,Ñuble,161,Diguillín,16106,Pinto,Total Comuna,12.502,2.006,8.259,2.237,"111,5"
16,Ñuble,161,Diguillín,16106,Pinto,Hombre,6.120,1.029,4.003,1.088,"105,7"
16,Ñuble,161,Diguillín,16106,Pinto,Mujer,6.382,977,4.256,1.149,"117,6"
16,Ñuble,161,Diguillín,16107,Quillón,Total Comuna,19.165,3.012,12.100,4.053,"134,6"
16,Ñuble,161,Diguillín,16107,Quillón,Hombre,9.375,1.559,5.931,1.885,"120,9"
16,Ñuble,161,Diguillín,16107,Quillón,Mujer,9.790,1.453,6.169,2.168,"149,2"
16,Ñuble,161,Diguillín,16108,San Ignacio,Total Comuna,17.405,2.792,11.443,3.170,"113,5"
16,Ñuble,161,Diguillín,16108,San Ignacio,Hombre,8.556,1.418,5.640,1.498,"105,6"
16,Ñuble,161,Diguillín,16108,San Ignacio,Mujer,8.849,1.374,5.803,1.672,"121,7"
16,Ñuble,161,Diguillín,16109,Yungay,Total Comuna,18.680,3.065,12.246,3.369,"109,9"
16,Ñuble,161,Diguillín,16109,Yungay,Hombre,9.232,1.586,6.069,1.577,"99,4"
16,Ñuble,161,Diguillín,16109,Yungay,Mujer,9.448,1.479,6.177,1.792,"121,2"
16,Ñuble,162,Itata,16201,Quirihue,Total Comuna,11.746,1.915,7.604,2.227,"116,3"
16,Ñuble,162,Itata,16201,Quirihue,Hombre,5.685,960,3.697,1.028,"107,1"
16,Ñuble,162,Itata,16201,Quirihue,Mujer,6.061,955,3.907,1.199,"125,5"
16,Ñuble,162,Itata,16202,Cobquecura,Total Comuna,5.495,738,3.466,1.291,"174,9"
16,Ñuble,162,Itata,16202,Cobquecura,Hombre,2.693,372,1.692,629,"169,1"
16,Ñuble,162,Itata,16202,Cobquecura,Mujer,2.802,366,1.774,662,"180,9"
16,Ñuble,162,Itata,16203,Coelemu,Total Comuna,15.895,2.697,10.242,2.956,"109,6"
16,Ñuble,162,Itata,16203,Coelemu,Hombre,7.760,1.397,4.996,1.367,"97,9"
16,Ñuble,162,Itata,16203,Coelemu,Mujer,8.135,1.300,5.246,1.589,"122,2"
16,Ñuble,162,Itata,16204,Ninhue,Total Comuna,5.763,843,3.693,1.227,"145,6"
16,Ñuble,162,Itata,16204,Ninhue,Hombre,2.831,402,1.821,608,"151,2"
16,Ñuble,162,Itata,16204,Ninhue,Mujer,2.932,441,1.872,619,"140,4"
16,Ñuble,162,Itata,16205,Portezuelo,Total Comuna,5.203,738,3.341,1.124,"152,3"
16,Ñuble,162,Itata,16205,Portezuelo,Hombre,2.588,367,1.666,555,"151,2"
16,Ñuble,162,Itata,16205,Portezuelo,Mujer,2.615,371,1.675,569,"153,4"
16,Ñuble,162,Itata,16206,Ránquil,Total Comuna,6.508,1.049,3.975,1.484,"141,5"
16,Ñuble,162,Itata,16206,Ránquil,Hombre,3.197,559,1.941,697,"124,7"
16,Ñuble,162,Itata,16206,Ránquil,Mujer,3.311,490,2.034,787,"160,6"
16,Ñuble,162,Itata,16207,Trehuaco,Total Comuna,6.124,945,4.007,1.172,"124,0"
16,Ñuble,162,Itata,16207,Trehuaco,Hombre,3.069,513,1.988,568,"110,7"
16,Ñuble,162,Itata,16207,Trehuaco,Mujer,3.055,432,2.019,604,"139,8"
16,Ñuble,163,Punilla,16301,San Carlos,Total Comuna,55.847,9.506,36.832,9.509,"100,0"
16,Ñuble,163,Punilla,16301,San Carlos,Hombre,26.745,4.807,17.579,4.359,"90,7"
16,Ñuble,163,Punilla,16301,San Carlos,Mujer,29.102,4.699,19.253,5.150,"109,6"
16,Ñuble,163,Punilla,16302,Coihueco,Total Comuna,29.766,5.492,20.041,4.233,"77,1"
16,Ñuble,163,Punilla,16302,Coihueco,Hombre,14.681,2.781,9.800,2.100,"75,5"
16,Ñuble,163,Punilla,16302,Coihueco,Mujer,15.085,2.711,10.241,2.133,"78,7"
16,Ñuble,163,Punilla,16303,Ñiquén,Total Comuna,12.797,1.976,8.040,2.781,"140,7"
16,Ñuble,163,Punilla,16303,Ñiquén,Hombre,6.416,993,4.015,1.408,"141,8"
16,Ñuble,163,Punilla,16303,Ñiquén,Mujer,6.381,983,4.025,1.373,"139,7"
16,Ñuble,163,Punilla,16304,San Fabián,Total Comuna,5.245,950,3.335,960,"101,1"
16,Ñuble,163,Punilla,16304,San Fabián,Hombre,2.569,478,1.633,458,"95,8"
16,Ñuble,163,Punilla,16304,San Fabián,Mujer,2.676,472,1.702,502,"106,4"
16,Ñuble,163,Punilla,16305,San Nicolás,Total Comuna,15.099,2.588,9.930,2.581,"99,7"
16,Ñuble,163,Punilla,16305,San Nicolás,Hombre,7.516,1.340,4.904,1.272,"94,9"
16,Ñuble,163,Punilla,16305,San Nicolás,Mujer,7.583,1.248,5.026,1.309,"104,9"
8,Biobío,81,Concepción,8101,Concepción,Total Comuna,230.375,31.862,164.440,34.073,"106,9"
8,Biobío,81,Concepción,8101,Concepción,Hombre,110.985,16.185,80.906,13.894,"85,8"
8,Biobío,81,Concepción,8101,Concepción,Mujer,119.390,15.677,83.534,20.179,"128,7"
8,Biobío,81,Concepción,8102,Coronel,Total Comuna,123.648,24.741,83.219,15.688,"63,4"
8,Biobío,81,Concepción,8102,Coronel,Hombre,59.274,12.527,39.830,6.917,"55,2"
8,Biobío,81,Concepción,8102,Coronel,Mujer,64.374,12.214,43.389,8.771,"71,8"
8,Biobío,81,Concepción,8103,Chiguayante,Total Comuna,85.822,14.251,58.404,13.167,"92,4"
8,Biobío,81,Concepción,8103,Chiguayante,Hombre,40.464,7.346,27.606,5.512,"75,0"
8,Biobío,81,Concepción,8103,Chiguayante,Mujer,45.358,6.905,30.798,7.655,"110,9"
8,Biobío,81,Concepción,8104,Florida,Total Comuna,12.958,2.052,8.413,2.493,"121,5"
8,Biobío,81,Concepción,8104,Florida,Hombre,6.455,1.046,4.199,1.210,"115,7"
8,Biobío,81,Concepción,8104,Florida,Mujer,6.503,1.006,4.214,1.283,"127,5"
8,Biobío,81,Concepción,8105,Hualqui,Total Comuna,25.795,4.889,17.276,3.630,"74,2"
8,Biobío,81,Concepción,8105,Hualqui,Hombre,12.388,2.525,8.237,1.626,"64,4"
8,Biobío,81,Concepción,8105,Hualqui,Mujer,13.407,2.364,9.039,2.004,"84,8"
8,Biobío,81,Concepción,8106,Lota,Total Comuna,39.980,6.612,26.475,6.893,"104,2"
8,Biobío,81,Concepción,8106,Lota,Hombre,19.342,3.300,13.011,3.031,"91,8"
8,Biobío,81,Concepción,8106,Lota,Mujer,20.638,3.312,13.464,3.862,"116,6"
8,Biobío,81,Concepción,8107,Penco,Total Comuna,48.971,8.525,32.890,7.556,"88,6"
8,Biobío,81,Concepción,8107,Penco,Hombre,23.370,4.341,15.784,3.245,"74,8"
8,Biobío,81,Concepción,8107,Penco,Mujer,25.601,4.184,17.106,4.311,"103,0"
8,Biobío,81,Concepción,8108,San Pedro de La paz,Total Comuna,150.992,30.344,104.254,16.394,"54,0"
8,Biobío,81,Concepción,8108,San Pedro de La paz,Hombre,72.262,15.590,49.893,6.779,"43,5"
8,Biobío,81,Concepción,8108,San Pedro de La paz,Mujer,78.730,14.754,54.361,9.615,"65,2"
8,Biobío,81,Concepción,8109,Santa Juana,Total Comuna,14.947,2.703,9.750,2.494,"92,3"
8,Biobío,81,Concepción,8109,Santa Juana,Hombre,7.203,1.372,4.655,1.176,"85,7"
8,Biobío,81,Concepción,8109,Santa Juana,Mujer,7.744,1.331,5.095,1.318,"99,0"
8,Biobío,81,Concepción,8110,Talcahuano,Total Comuna,147.322,24.209,99.208,23.905,"98,7"
8,Biobío,81,Concepción,8110,Talcahuano,Hombre,70.548,12.354,48.154,10.040,"81,3"
8,Biobío,81,Concepción,8110,Talcahuano,Mujer,76.774,11.855,51.054,13.865,"117,0"
8,Biobío,81,Concepción,8111,Tomé,Total Comuna,56.907,9.257,37.576,10.074,"108,8"
8,Biobío,81,Concepción,8111,Tomé,Hombre,26.964,4.733,17.994,4.237,"89,5"
8,Biobío,81,Concepción,8111,Tomé,Mujer,29.943,4.524,19.582,5.837,"129,0"
8,Biobío,81,Concepción,8112,Hualpén,Total Comuna,87.731,13.910,59.838,13.983,"100,5"
8,Biobío,81,Concepción,8112,Hualpén,Hombre,41.521,7.063,28.807,5.651,"80,0"
8,Biobío,81,Concepción,8112,Hualpén,Mujer,46.210,6.847,31.031,8.332,"121,7"
8,Biobío,82,Arauco,8201,Lebu,Total Comuna,25.246,4.739,16.892,3.615,"76,3"
8,Biobío,82,Arauco,8201,Lebu,Hombre,12.333,2.444,8.199,1.690,"69,1"
8,Biobío,82,Arauco,8201,Lebu,Mujer,12.913,2.295,8.693,1.925,"83,9"
8,Biobío,82,Arauco,8202,Arauco,Total Comuna,37.163,6.837,24.985,5.341,"78,1"
8,Biobío,82,Arauco,8202,Arauco,Hombre,18.128,3.498,12.171,2.459,"70,3"
8,Biobío,82,Arauco,8202,Arauco,Mujer,19.035,3.339,12.814,2.882,"86,3"
8,Biobío,82,Arauco,8203,Cañete,Total Comuna,34.640,6.801,22.665,5.174,"76,1"
8,Biobío,82,Arauco,8203,Cañete,Hombre,16.602,3.428,10.752,2.422,"70,7"
8,Biobío,82,Arauco,8203,Cañete,Mujer,18.038,3.373,11.913,2.752,"81,6"
8,Biobío,82,Arauco,8204,Contulmo,Total Comuna,5.905,984,3.868,1.053,"107,0"
8,Biobío,82,Arauco,8204,Contulmo,Hombre,2.925,519,1.904,502,"96,7"
8,Biobío,82,Arauco,8204,Contulmo,Mujer,2.980,465,1.964,551,"118,5"
8,Biobío,82,Arauco,8205,Curanilahue,Total Comuna,31.119,5.865,20.566,4.688,"79,9"
8,Biobío,82,Arauco,8205,Curanilahue,Hombre,15.127,3.036,9.894,2.197,"72,4"
8,Biobío,82,Arauco,8205,Curanilahue,Mujer,15.992,2.829,10.672,2.491,"88,1"
8,Biobío,82,Arauco,8206,Los Álamos,Total Comuna,21.950,4.422,14.587,2.941,"66,5"
8,Biobío,82,Arauco,8206,Los Álamos,Hombre,10.581,2.176,7.015,1.390,"63,9"
8,Biobío,82,Arauco,8206,Los Álamos,Mujer,11.369,2.246,7.572,1.551,"69,1"
8,Biobío,82,Arauco,8207,Tirúa,Total Comuna,10.208,2.133,6.832,1.243,"58,3"
8,Biobío,82,Arauco,8207,Tirúa,Hombre,5.023,1.081,3.327,615,"56,9"
8,Biobío,82,Arauco,8207,Tirúa,Mujer,5.185,1.052,3.505,628,"59,7"
8,Biobío,83,Biobío,8301,Los Ángeles,Total Comuna,219.441,41.913,148.062,29.466,"70,3"
8,Biobío,83,Biobío,8301,Los Ángeles,Hombre,105.436,21.401,70.981,13.054,"61,0"
8,Biobío,83,Biobío,8301,Los Ángeles,Mujer,114.005,20.512,77.081,16.412,"80,0"
8,Biobío,83,Biobío,8302,Antuco,Total Comuna,4.373,661,2.844,868,"131,3"
8,Biobío,83,Biobío,8302,Antuco,Hombre,2.125,348,1.388,389,"111,8"
8,Biobío,83,Biobío,8302,Antuco,Mujer,2.248,313,1.456,479,"153,0"
8,Biobío,83,Biobío,8303,Cabrero,Total Comuna,31.256,5.527,21.103,4.626,"83,7"
8,Biobío,83,Biobío,8303,Cabrero,Hombre,15.264,2.864,10.187,2.213,"77,3"
8,Biobío,83,Biobío,8303,Cabrero,Mujer,15.992,2.663,10.916,2.413,"90,6"
8,Biobío,83,Biobío,8304,Laja,Total Comuna,23.706,4.240,15.520,3.946,"93,1"
8,Biobío,83,Biobío,8304,Laja,Hombre,11.451,2.155,7.466,1.830,"84,9"
8,Biobío,83,Biobío,8304,Laja,Mujer,12.255,2.085,8.054,2.116,"101,5"
8,Biobío,83,Biobío,8305,Mulchén,Total Comuna,29.036,5.251,19.058,4.727,"90,0"
8,Biobío,83,Biobío,8305,Mulchén,Hombre,14.093,2.646,9.266,2.181,"82,4"
8,Biobío,83,Biobío,8305,Mulchén,Mujer,14.943,2.605,9.792,2.546,"97,7"
8,Biobío,83,Biobío,8306,Nacimiento,Total Comuna,26.140,4.867,17.264,4.009,"82,4"
8,Biobío,83,Biobío,8306,Nacimiento,Hombre,12.790,2.436,8.401,1.953,"80,2"
8,Biobío,83,Biobío,8306,Nacimiento,Mujer,13.350,2.431,8.863,2.056,"84,6"
8,Biobío,83,Biobío,8307,Negrete,Total Comuna,10.723,1.969,7.106,1.648,"83,7"
8,Biobío,83,Biobío,8307,Negrete,Hombre,5.273,975,3.498,800,"82,1"
8,Biobío,83,Biobío,8307,Negrete,Mujer,5.450,994,3.608,848,"85,3"
8,Biobío,83,Biobío,8308,Quilaco,Total Comuna,4.440,739,2.730,971,"131,4"
8,Biobío,83,Biobío,8308,Quilaco,Hombre,2.210,360,1.373,477,"132,5"
8,Biobío,83,Biobío,8308,Quilaco,Mujer,2.230,379,1.357,494,"130,3"
8,Biobío,83,Biobío,8309,Quilleco,Total Comuna,9.700,1.573,6.144,1.983,"126,1"
8,Biobío,83,Biobío,8309,Quilleco,Hombre,4.826,820,3.009,997,"121,6"
8,Biobío,83,Biobío,8309,Quilleco,Mujer,4.874,753,3.135,986,"130,9"
8,Biobío,83,Biobío,8310,San Rosendo,Total Comuna,3.575,547,2.336,692,"126,5"
8,Biobío,83,Biobío,8310,San Rosendo,Hombre,1.753,278,1.150,325,"116,9"
8,Biobío,83,Biobío,8310,San Rosendo,Mujer,1.822,269,1.186,367,"136,4"
8,Biobío,83,Biobío,8311,Santa Bárbara,Total Comuna,14.075,2.474,9.202,2.399,"97,0"
8,Biobío,83,Biobío,8311,Santa Bárbara,Hombre,6.847,1.276,4.416,1.155,"90,5"
8,Biobío,83,Biobío,8311,Santa Bárbara,Mujer,7.228,1.198,4.786,1.244,"103,8"
8,Biobío,83,Biobío,8312,Tucapel,Total Comuna,15.729,2.664,10.124,2.941,"110,4"
8,Biobío,83,Biobío,8312,Tucapel,Hombre,7.568,1.314,4.894,1.360,"103,5"
8,Biobío,83,Biobío,8312,Tucapel,Mujer,8.161,1.350,5.230,1.581,"117,1"
8,Biobío,83,Biobío,8313,Yumbel,Total Comuna,23.170,3.706,14.865,4.599,"124,1"
8,Biobío,83,Biobío,8313,Yumbel,Hombre,11.359,1.899,7.272,2.188,"115,2"
8,Biobío,83,Biobío,8313,Yumbel,Mujer,11.811,1.807,7.593,2.411,"133,4"
8,Biobío,83,Biobío,8314,Alto Biobío,Total Comuna,6.016,1.422,4.043,551,"38,7"
8,Biobío,83,Biobío,8314,Alto Biobío,Hombre,3.005,693,2.020,292,"42,1"
8,Biobío,83,Biobío,8314,Alto Biobío,Mujer,3.011,729,2.023,259,"35,5"
9,La Araucanía,91,Cautín,9101,Temuco,Total Comuna,292.518,50.846,202.830,38.842,"76,4"
9,La Araucanía,91,Cautín,9101,Temuco,Hombre,138.163,25.937,96.489,15.737,"60,7"
9,La Araucanía,91,Cautín,9101,Temuco,Mujer,154.355,24.909,106.341,23.105,"92,8"
9,La Araucanía,91,Cautín,9102,Carahue,Total Comuna,24.957,4.573,15.933,4.451,"97,3"
9,La Araucanía,91,Cautín,9102,Carahue,Hombre,12.208,2.309,7.813,2.086,"90,3"
9,La Araucanía,91,Cautín,9102,Carahue,Mujer,12.749,2.264,8.120,2.365,"104,5"
9,La Araucanía,91,Cautín,9103,Cunco,Total Comuna,19.177,3.260,12.067,3.850,"118,1"
9,La Araucanía,91,Cautín,9103,Cunco,Hombre,9.368,1.620,5.953,1.795,"110,8"
9,La Araucanía,91,Cautín,9103,Cunco,Mujer,9.809,1.640,6.114,2.055,"125,3"
9,La Araucanía,91,Cautín,9104,Curarrehue,Total Comuna,7.733,1.543,5.064,1.126,"73,0"
9,La Araucanía,91,Cautín,9104,Curarrehue,Hombre,3.901,792,2.552,557,"70,3"
9,La Araucanía,91,Cautín,9104,Curarrehue,Mujer,3.832,751,2.512,569,"75,8"
9,La Araucanía,91,Cautín,9105,Freire,Total Comuna,26.164,4.377,17.207,4.580,"104,6"
9,La Araucanía,91,Cautín,9105,Freire,Hombre,13.029,2.272,8.513,2.244,"98,8"
9,La Araucanía,91,Cautín,9105,Freire,Mujer,13.135,2.105,8.694,2.336,"111,0"
9,La Araucanía,91,Cautín,9106,Galvarino,Total Comuna,12.710,2.452,8.204,2.054,"83,8"
9,La Araucanía,91,Cautín,9106,Galvarino,Hombre,6.360,1.246,4.102,1.012,"81,2"
9,La Araucanía,91,Cautín,9106,Galvarino,Mujer,6.350,1.206,4.102,1.042,"86,4"
9,La Araucanía,91,Cautín,9107,Gorbea,Total Comuna,14.148,2.276,8.961,2.911,"127,9"
9,La Araucanía,91,Cautín,9107,Gorbea,Hombre,6.778,1.163,4.311,1.304,"112,1"
9,La Araucanía,91,Cautín,9107,Gorbea,Mujer,7.370,1.113,4.650,1.607,"144,4"
9,La Araucanía,91,Cautín,9108,Lautaro,Total Comuna,41.936,8.231,27.956,5.749,"69,8"
9,La Araucanía,91,Cautín,9108,Lautaro,Hombre,20.197,4.157,13.461,2.579,"62,0"
9,La Araucanía,91,Cautín,9108,Lautaro,Mujer,21.739,4.074,14.495,3.170,"77,8"
9,La Araucanía,91,Cautín,9109,Loncoche,Total Comuna,25.158,4.416,16.191,4.551,"103,1"
9,La Araucanía,91,Cautín,9109,Loncoche,Hombre,12.201,2.264,7.809,2.128,"94,0"
9,La Araucanía,91,Cautín,9109,Loncoche,Mujer,12.957,2.152,8.382,2.423,"112,6"
9,La Araucanía,91,Cautín,9110,Melipeuco,Total Comuna,6.796,1.208,4.314,1.274,"105,5"
9,La Araucanía,91,Cautín,9110,Melipeuco,Hombre,3.342,633,2.093,616,"97,3"
9,La Araucanía,91,Cautín,9110,Melipeuco,Mujer,3.454,575,2.221,658,"114,4"
9,La Araucanía,91,Cautín,9111,Nueva Imperial,Total Comuna,33.988,6.232,21.969,5.787,"92,9"
9,La Araucanía,91,Cautín,9111,Nueva Imperial,Hombre,16.546,3.098,10.737,2.711,"87,5"
9,La Araucanía,91,Cautín,9111,Nueva Imperial,Mujer,17.442,3.134,11.232,3.076,"98,1"
9,La Araucanía,91,Cautín,9112,Padre Las Casas,Total Comuna,80.656,15.982,54.673,10.001,"62,6"
9,La Araucanía,91,Cautín,9112,Padre Las Casas,Hombre,38.960,8.124,26.408,4.428,"54,5"
9,La Araucanía,91,Cautín,9112,Padre Las Casas,Mujer,41.696,7.858,28.265,5.573,"70,9"
9,La Araucanía,91,Cautín,9113,Perquenco,Total Comuna,7.438,1.383,4.864,1.191,"86,1"
9,La Araucanía,91,Cautín,9113,Perquenco,Hombre,3.631,696,2.359,576,"82,8"
9,La Araucanía,91,Cautín,9113,Perquenco,Mujer,3.807,687,2.505,615,"89,5"
9,La Araucanía,91,Cautín,9114,Pitrufquén,Total Comuna,27.041,4.797,17.675,4.569,"95,2"
9,La Araucanía,91,Cautín,9114,Pitrufquén,Hombre,12.988,2.479,8.433,2.076,"83,7"
9,La Araucanía,91,Cautín,9114,Pitrufquén,Mujer,14.053,2.318,9.242,2.493,"107,5"
9,La Araucanía,91,Cautín,9115,Pucón,Total Comuna,32.321,6.183,21.784,4.354,"70,4"
9,La Araucanía,91,Cautín,9115,Pucón,Hombre,15.767,3.167,10.589,2.011,"63,5"
9,La Araucanía,91,Cautín,9115,Pucón,Mujer,16.554,3.016,11.195,2.343,"77,7"
9,La Araucanía,91,Cautín,9116,Saavedra,Total Comuna,12.877,2.352,8.044,2.481,"105,5"
9,La Araucanía,91,Cautín,9116,Saavedra,Hombre,6.275,1.141,3.943,1.191,"104,4"
9,La Araucanía,91,Cautín,9116,Saavedra,Mujer,6.602,1.211,4.101,1.290,"106,5"
9,La Araucanía,91,Cautín,9117,Teodoro Schmidt,Total Comuna,15.639,2.788,9.730,3.121,"111,9"
9,La Araucanía,91,Cautín,9117,Teodoro Schmidt,Hombre,7.758,1.381,4.846,1.531,"110,9"
9,La Araucanía,91,Cautín,9117,Teodoro Schmidt,Mujer,7.881,1.407,4.884,1.590,"113,0"
9,La Araucanía,91,Cautín,9118,Toltén,Total Comuna,10.041,1.709,6.462,1.870,"109,4"
9,La Araucanía,91,Cautín,9118,Toltén,Hombre,4.941,890,3.152,899,"101,0"
9,La Araucanía,91,Cautín,9118,Toltén,Mujer,5.100,819,3.310,971,"118,6"
9,La Araucanía,91,Cautín,9119,Vilcún,Total Comuna,31.575,6.119,21.132,4.324,"70,7"
9,La Araucanía,91,Cautín,9119,Vilcún,Hombre,15.386,3.080,10.336,1.970,"64,0"
9,La Araucanía,91,Cautín,9119,Vilcún,Mujer,16.189,3.039,10.796,2.354,"77,5"
9,La Araucanía,91,Cautín,9120,Villarrica,Total Comuna,67.737,13.190,44.700,9.847,"74,7"
9,La Araucanía,91,Cautín,9120,Villarrica,Hombre,32.807,6.743,21.562,4.502,"66,8"
9,La Araucanía,91,Cautín,9120,Villarrica,Mujer,34.930,6.447,23.138,5.345,"82,9"
9,La Araucanía,91,Cautín,9121,Cholchol,Total Comuna,13.167,2.683,8.435,2.049,"76,4"
9,La Araucanía,91,Cautín,9121,Cholchol,Hombre,6.578,1.409,4.150,1.019,"72,3"
9,La Araucanía,91,Cautín,9121,Cholchol,Mujer,6.589,1.274,4.285,1.030,"80,8"
9,La Araucanía,92,Malleco,9201,Angol,Total Comuna,53.022,9.807,34.992,8.223,"83,8"
9,La Araucanía,92,Malleco,9201,Angol,Hombre,25.143,5.048,16.486,3.609,"71,5"
9,La Araucanía,92,Malleco,9201,Angol,Mujer,27.879,4.759,18.506,4.614,"97,0"
9,La Araucanía,92,Malleco,9202,Collipulli,Total Comuna,24.303,4.566,15.998,3.739,"81,9"
9,La Araucanía,92,Malleco,9202,Collipulli,Hombre,11.731,2.326,7.666,1.739,"74,8"
9,La Araucanía,92,Malleco,9202,Collipulli,Mujer,12.572,2.240,8.332,2.000,"89,3"
9,La Araucanía,92,Malleco,9203,Curacautín,Total Comuna,18.536,3.185,11.835,3.516,"110,4"
9,La Araucanía,92,Malleco,9203,Curacautín,Hombre,8.944,1.656,5.704,1.584,"95,7"
9,La Araucanía,92,Malleco,9203,Curacautín,Mujer,9.592,1.529,6.131,1.932,"126,4"
9,La Araucanía,92,Malleco,9204,Ercilla,Total Comuna,7.730,1.571,4.934,1.225,"78,0"
9,La Araucanía,92,Malleco,9204,Ercilla,Hombre,3.750,783,2.375,592,"75,6"
9,La Araucanía,92,Malleco,9204,Ercilla,Mujer,3.980,788,2.559,633,"80,3"
9,La Araucanía,92,Malleco,9205,Lonquimay,Total Comuna,10.247,2.074,6.586,1.587,"76,5"
9,La Araucanía,92,Malleco,9205,Lonquimay,Hombre,5.125,1.021,3.314,790,"77,4"
9,La Araucanía,92,Malleco,9205,Lonquimay,Mujer,5.122,1.053,3.272,797,"75,7"
9,La Araucanía,92,Malleco,9206,Los Sauces,Total Comuna,7.348,1.314,4.720,1.314,"100,0"
9,La Araucanía,92,Malleco,9206,Los Sauces,Hombre,3.636,677,2.309,650,"96,0"
9,La Araucanía,92,Malleco,9206,Los Sauces,Mujer,3.712,637,2.411,664,"104,2"
9,La Araucanía,92,Malleco,9207,Lumaco,Total Comuna,9.253,1.670,6.000,1.583,"94,8"
9,La Araucanía,92,Malleco,9207,Lumaco,Hombre,4.691,874,3.001,816,"93,4"
9,La Araucanía,92,Malleco,9207,Lumaco,Mujer,4.562,796,2.999,767,"96,4"
9,La Araucanía,92,Malleco,9208,Purén,Total Comuna,12.184,2.259,7.830,2.095,"92,7"
9,La Araucanía,92,Malleco,9208,Purén,Hombre,5.793,1.132,3.689,972,"85,9"
9,La Araucanía,92,Malleco,9208,Purén,Mujer,6.391,1.127,4.141,1.123,"99,6"
9,La Araucanía,92,Malleco,9209,Renaico,Total Comuna,10.686,2.012,7.020,1.654,"82,2"
9,La Araucanía,92,Malleco,9209,Renaico,Hombre,5.150,1.021,3.348,781,"76,5"
9,La Araucanía,92,Malleco,9209,Renaico,Mujer,5.536,991,3.672,873,"88,1"
9,La Araucanía,92,Malleco,9210,Traiguén,Total Comuna,18.873,3.460,11.905,3.508,"101,4"
9,La Araucanía,92,Malleco,9210,Traiguén,Hombre,8.971,1.790,5.606,1.575,"88,0"
9,La Araucanía,92,Malleco,9210,Traiguén,Mujer,9.902,1.670,6.299,1.933,"115,7"
9,La Araucanía,92,Malleco,9211,Victoria,Total Comuna,34.464,6.218,22.387,5.859,"94,2"
9,La Araucanía,92,Malleco,9211,Victoria,Hombre,16.600,3.204,10.799,2.597,"81,1"
9,La Araucanía,92,Malleco,9211,Victoria,Mujer,17.864,3.014,11.588,3.262,"108,2"
14,Los Ríos,141,Valdivia,14101,Valdivia,Total Comuna,170.043,27.477,118.394,24.172,"88,0"
14,Los Ríos,141,Valdivia,14101,Valdivia,Hombre,81.660,13.974,57.433,10.253,"73,4"
14,Los Ríos,141,Valdivia,14101,Valdivia,Mujer,88.383,13.503,60.961,13.919,"103,1"
14,Los Ríos,141,Valdivia,14102,Corral,Total Comuna,5.501,865,3.588,1.048,"121,2"
14,Los Ríos,141,Valdivia,14102,Corral,Hombre,2.746,412,1.805,529,"128,4"
14,Los Ríos,141,Valdivia,14102,Corral,Mujer,2.755,453,1.783,519,"114,6"
14,Los Ríos,141,Valdivia,14103,Lanco,Total Comuna,16.876,3.060,11.093,2.723,"89,0"
14,Los Ríos,141,Valdivia,14103,Lanco,Hombre,8.133,1.533,5.359,1.241,"81,0"
14,Los Ríos,141,Valdivia,14103,Lanco,Mujer,8.743,1.527,5.734,1.482,"97,1"
14,Los Ríos,141,Valdivia,14104,Los Lagos,Total Comuna,21.431,3.900,14.163,3.368,"86,4"
14,Los Ríos,141,Valdivia,14104,Los Lagos,Hombre,10.596,1.951,7.018,1.627,"83,4"
14,Los Ríos,141,Valdivia,14104,Los Lagos,Mujer,10.835,1.949,7.145,1.741,"89,3"
14,Los Ríos,141,Valdivia,14105,Máfil,Total Comuna,8.074,1.441,5.314,1.319,"91,5"
14,Los Ríos,141,Valdivia,14105,Máfil,Hombre,3.947,720,2.592,635,"88,2"
14,Los Ríos,141,Valdivia,14105,Máfil,Mujer,4.127,721,2.722,684,"94,9"
14,Los Ríos,141,Valdivia,14106,Mariquina,Total Comuna,22.973,4.578,15.109,3.286,"71,8"
14,Los Ríos,141,Valdivia,14106,Mariquina,Hombre,11.180,2.283,7.312,1.585,"69,4"
14,Los Ríos,141,Valdivia,14106,Mariquina,Mujer,11.793,2.295,7.797,1.701,"74,1"
14,Los Ríos,141,Valdivia,14107,Paillaco,Total Comuna,19.802,3.481,12.871,3.450,"99,1"
14,Los Ríos,141,Valdivia,14107,Paillaco,Hombre,9.535,1.791,6.192,1.552,"86,7"
14,Los Ríos,141,Valdivia,14107,Paillaco,Mujer,10.267,1.690,6.679,1.898,"112,3"
14,Los Ríos,141,Valdivia,14108,Panguipulli,Total Comuna,35.098,6.532,23.089,5.477,"83,8"
14,Los Ríos,141,Valdivia,14108,Panguipulli,Hombre,17.044,3.324,11.180,2.540,"76,4"
14,Los Ríos,141,Valdivia,14108,Panguipulli,Mujer,18.054,3.208,11.909,2.937,"91,6"
14,Los Ríos,142,Ranco,14201,La Unión,Total Comuna,38.907,6.718,25.688,6.501,"96,8"
14,Los Ríos,142,Ranco,14201,La Unión,Hombre,18.865,3.408,12.484,2.973,"87,2"
14,Los Ríos,142,Ranco,14201,La Unión,Mujer,20.042,3.310,13.204,3.528,"106,6"
14,Los Ríos,142,Ranco,14202,Futrono,Total Comuna,15.635,3.136,10.222,2.277,"72,6"
14,Los Ríos,142,Ranco,14202,Futrono,Hombre,7.615,1.588,4.950,1.077,"67,8"
14,Los Ríos,142,Ranco,14202,Futrono,Mujer,8.020,1.548,5.272,1.200,"77,5"
14,Los Ríos,142,Ranco,14203,Lago Ranco,Total Comuna,10.527,1.902,6.800,1.825,"96,0"
14,Los Ríos,142,Ranco,14203,Lago Ranco,Hombre,5.181,943,3.347,891,"94,5"
14,Los Ríos,142,Ranco,14203,Lago Ranco,Mujer,5.346,959,3.453,934,"97,4"
14,Los Ríos,142,Ranco,14204,Río Bueno,Total Comuna,33.363,5.622,21.900,5.841,"103,9"
14,Los Ríos,142,Ranco,14204,Río Bueno,Hombre,16.232,2.895,10.700,2.637,"91,1"
14,Los Ríos,142,Ranco,14204,Río Bueno,Mujer,17.131,2.727,11.200,3.204,"117,5"
10,Los Lagos,101,Llanquihue,10101,Puerto Montt,Total Comuna,277.040,51.260,197.229,28.551,"55,7"
10,Los Lagos,101,Llanquihue,10101,Puerto Montt,Hombre,136.544,26.035,97.950,12.559,"48,2"
10,Los Lagos,101,Llanquihue,10101,Puerto Montt,Mujer,140.496,25.225,99.279,15.992,"63,4"
10,Los Lagos,101,Llanquihue,10102,Calbuco,Total Comuna,36.474,6.428,24.646,5.400,"84,0"
10,Los Lagos,101,Llanquihue,10102,Calbuco,Hombre,18.374,3.321,12.496,2.557,"77,0"
10,Los Lagos,101,Llanquihue,10102,Calbuco,Mujer,18.100,3.107,12.150,2.843,"91,5"
10,Los Lagos,101,Llanquihue,10103,Cochamó,Total Comuna,4.199,587,2.784,828,"141,1"
10,Los Lagos,101,Llanquihue,10103,Cochamó,Hombre,2.213,327,1.456,430,"131,5"
10,Los Lagos,101,Llanquihue,10103,Cochamó,Mujer,1.986,260,1.328,398,"153,1"
10,Los Lagos,101,Llanquihue,10104,Fresia,Total Comuna,12.320,2.035,8.086,2.199,"108,1"
10,Los Lagos,101,Llanquihue,10104,Fresia,Hombre,6.102,1.046,4.010,1.046,"100,0"
10,Los Lagos,101,Llanquihue,10104,Fresia,Mujer,6.218,989,4.076,1.153,"116,6"
10,Los Lagos,101,Llanquihue,10105,Frutillar,Total Comuna,22.554,4.344,15.096,3.114,"71,7"
10,Los Lagos,101,Llanquihue,10105,Frutillar,Hombre,11.034,2.200,7.382,1.452,"66,0"
10,Los Lagos,101,Llanquihue,10105,Frutillar,Mujer,11.520,2.144,7.714,1.662,"77,5"
10,Los Lagos,101,Llanquihue,10106,Los Muermos,Total Comuna,17.162,2.887,11.188,3.087,"106,9"
10,Los Lagos,101,Llanquihue,10106,Los Muermos,Hombre,8.620,1.469,5.589,1.562,"106,3"
10,Los Lagos,101,Llanquihue,10106,Los Muermos,Mujer,8.542,1.418,5.599,1.525,"107,5"
10,Los Lagos,101,Llanquihue,10107,Llanquihue,Total Comuna,18.088,3.154,12.241,2.693,"85,4"
10,Los Lagos,101,Llanquihue,10107,Llanquihue,Hombre,8.826,1.589,5.994,1.243,"78,2"
10,Los Lagos,101,Llanquihue,10107,Llanquihue,Mujer,9.262,1.565,6.247,1.450,"92,7"
10,Los Lagos,101,Llanquihue,10108,Maullín,Total Comuna,15.063,2.392,9.842,2.829,"118,3"
10,Los Lagos,101,Llanquihue,10108,Maullín,Hombre,7.651,1.238,5.029,1.384,"111,8"
10,Los Lagos,101,Llanquihue,10108,Maullín,Mujer,7.412,1.154,4.813,1.445,"125,2"
10,Los Lagos,101,Llanquihue,10109,Puerto Varas,Total Comuna,52.942,10.650,35.979,6.313,"59,3"
10,Los Lagos,101,Llanquihue,10109,Puerto Varas,Hombre,25.814,5.443,17.529,2.842,"52,2"
10,Los Lagos,101,Llanquihue,10109,Puerto Varas,Mujer,27.128,5.207,18.450,3.471,"66,7"
10,Los Lagos,102,Chiloé,10201,Castro,Total Comuna,46.997,8.213,32.887,5.897,"71,8"
10,Los Lagos,102,Chiloé,10201,Castro,Hombre,22.832,4.188,16.106,2.538,"60,6"
10,Los Lagos,102,Chiloé,10201,Castro,Mujer,24.165,4.025,16.781,3.359,"83,5"
10,Los Lagos,102,Chiloé,10202,Ancud,Total Comuna,40.949,6.704,27.601,6.644,"99,1"
10,Los Lagos,102,Chiloé,10202,Ancud,Hombre,19.981,3.421,13.513,3.047,"89,1"
10,Los Lagos,102,Chiloé,10202,Ancud,Mujer,20.968,3.283,14.088,3.597,"109,6"
10,Los Lagos,102,Chiloé,10203,Chonchi,Total Comuna,16.078,2.720,11.180,2.178,"80,1"
10,Los Lagos,102,Chiloé,10203,Chonchi,Hombre,7.896,1.391,5.525,980,"70,5"
10,Los Lagos,102,Chiloé,10203,Chonchi,Mujer,8.182,1.329,5.655,1.198,"90,1"
10,Los Lagos,102,Chiloé,10204,Curaco de Vélez,Total Comuna,3.662,587,2.410,665,"113,3"
10,Los Lagos,102,Chiloé,10204,Curaco de Vélez,Hombre,1.774,312,1.184,278,"89,1"
10,Los Lagos,102,Chiloé,10204,Curaco de Vélez,Mujer,1.888,275,1.226,387,"140,7"
10,Los Lagos,102,Chiloé,10205,Dalcahue,Total Comuna,14.894,2.678,10.280,1.936,"72,3"
10,Los Lagos,102,Chiloé,10205,Dalcahue,Hombre,7.403,1.387,5.123,893,"64,4"
10,Los Lagos,102,Chiloé,10205,Dalcahue,Mujer,7.491,1.291,5.157,1.043,"80,8"
10,Los Lagos,102,Chiloé,10206,Puqueldón,Total Comuna,4.048,623,2.686,739,"118,6"
10,Los Lagos,102,Chiloé,10206,Puqueldón,Hombre,2.021,324,1.397,300,"92,6"
10,Los Lagos,102,Chiloé,10206,Puqueldón,Mujer,2.027,299,1.289,439,"146,8"
10,Los Lagos,102,Chiloé,10207,Queilén,Total Comuna,5.690,943,3.852,895,"94,9"
10,Los Lagos,102,Chiloé,10207,Queilén,Hombre,2.859,462,1.974,423,"91,6"
10,Los Lagos,102,Chiloé,10207,Queilén,Mujer,2.831,481,1.878,472,"98,1"
10,Los Lagos,102,Chiloé,10208,Quellón,Total Comuna,28.460,5.637,20.181,2.642,"46,9"
10,Los Lagos,102,Chiloé,10208,Quellón,Hombre,14.339,2.877,10.196,1.266,"44,0"
10,Los Lagos,102,Chiloé,10208,Quellón,Mujer,14.121,2.760,9.985,1.376,"49,9"
10,Los Lagos,102,Chiloé,10209,Quemchi,Total Comuna,8.409,1.235,5.645,1.529,"123,8"
10,Los Lagos,102,Chiloé,10209,Quemchi,Hombre,4.239,616,2.899,724,"117,5"
10,Los Lagos,102,Chiloé,10209,Quemchi,Mujer,4.170,619,2.746,805,"130,0"
10,Los Lagos,102,Chiloé,10210,Quinchao,Total Comuna,7.678,1.139,5.140,1.399,"122,8"
10,Los Lagos,102,Chiloé,10210,Quinchao,Hombre,3.727,569,2.578,580,"101,9"
10,Los Lagos,102,Chiloé,10210,Quinchao,Mujer,3.951,570,2.562,819,"143,7"
10,Los Lagos,103,Osorno,10301,Osorno,Total Comuna,166.455,28.432,113.899,24.124,"84,8"
10,Los Lagos,103,Osorno,10301,Osorno,Hombre,79.484,14.526,54.916,10.042,"69,1"
10,Los Lagos,103,Osorno,10301,Osorno,Mujer,86.971,13.906,58.983,14.082,"101,3"
10,Los Lagos,103,Osorno,10302,Puerto Octay,Total Comuna,8.865,1.480,5.904,1.481,"100,1"
10,Los Lagos,103,Osorno,10302,Puerto Octay,Hombre,4.517,749,3.044,724,"96,7"
10,Los Lagos,103,Osorno,10302,Puerto Octay,Mujer,4.348,731,2.860,757,"103,6"
10,Los Lagos,103,Osorno,10303,Purranque,Total Comuna,19.542,3.294,12.721,3.527,"107,1"
10,Los Lagos,103,Osorno,10303,Purranque,Hombre,9.515,1.721,6.173,1.621,"94,2"
10,Los Lagos,103,Osorno,10303,Purranque,Mujer,10.027,1.573,6.548,1.906,"121,2"
10,Los Lagos,103,Osorno,10304,Puyehue,Total Comuna,11.712,2.013,7.745,1.954,"97,1"
10,Los Lagos,103,Osorno,10304,Puyehue,Hombre,5.782,1.020,3.817,945,"92,6"
10,Los Lagos,103,Osorno,10304,Puyehue,Mujer,5.930,993,3.928,1.009,"101,6"
10,Los Lagos,103,Osorno,10305,Río Negro,Total Comuna,13.874,2.278,9.020,2.576,"113,1"
10,Los Lagos,103,Osorno,10305,Río Negro,Hombre,6.840,1.149,4.468,1.223,"106,4"
10,Los Lagos,103,Osorno,10305,Río Negro,Mujer,7.034,1.129,4.552,1.353,"119,8"
10,Los Lagos,103,Osorno,10306,San Juan de la Costa,Total Comuna,7.776,1.065,5.027,1.684,"158,1"
10,Los Lagos,103,Osorno,10306,San Juan de la Costa,Hombre,4.042,533,2.602,907,"170,2"
10,Los Lagos,103,Osorno,10306,San Juan de la Costa,Mujer,3.734,532,2.425,777,"146,1"
10,Los Lagos,103,Osorno,10307,San Pablo,Total Comuna,10.883,1.804,7.027,2.052,"113,7"
10,Los Lagos,103,Osorno,10307,San Pablo,Hombre,5.357,927,3.463,967,"104,3"
10,Los Lagos,103,Osorno,10307,San Pablo,Mujer,5.526,877,3.564,1.085,"123,7"
10,Los Lagos,104,Palena,10401,Chaitén,Total Comuna,4.025,684,2.718,623,"91,1"
10,Los Lagos,104,Palena,10401,Chaitén,Hombre,2.085,366,1.412,307,"83,9"
10,Los Lagos,104,Palena,10401,Chaitén,Mujer,1.940,318,1.306,316,"99,4"
10,Los Lagos,104,Palena,10402,Futaleufú,Total Comuna,3.062,579,2.073,410,"70,8"
10,Los Lagos,104,Palena,10402,Futaleufú,Hombre,1.542,308,1.026,208,"67,5"
10,Los Lagos,104,Palena,10402,Futaleufú,Mujer,1.520,271,1.047,202,"74,5"
10,Los Lagos,104,Palena,10403,Hualaihué,Total Comuna,9.480,1.698,6.483,1.299,"76,5"
10,Los Lagos,104,Palena,10403,Hualaihué,Hombre,4.910,901,3.327,682,"75,7"
10,Los Lagos,104,Palena,10403,Hualaihué,Mujer,4.570,797,3.156,617,"77,4"
10,Los Lagos,104,Palena,10404,Palena,Total Comuna,1.903,295,1.248,360,"122,0"
10,Los Lagos,104,Palena,10404,Palena,Hombre,946,149,616,181,"121,5"
10,Los Lagos,104,Palena,10404,Palena,Mujer,957,146,632,179,"122,6"
11,Aysén del General Carlos Ibáñez del Campo,111,Coyhaique,11101,Coyhaique,Total Comuna,57.823,11.220,39.411,7.192,"64,1"
11,Aysén del General Carlos Ibáñez del Campo,111,Coyhaique,11101,Coyhaique,Hombre,28.170,5.721,19.093,3.356,"58,7"
11,Aysén del General Carlos Ibáñez del Campo,111,Coyhaique,11101,Coyhaique,Mujer,29.653,5.499,20.318,3.836,"69,8"
11,Aysén del General Carlos Ibáñez del Campo,111,Coyhaique,11102,Lago Verde,Total Comuna,779,87,533,159,"182,8"
11,Aysén del General Carlos Ibáñez del Campo,111,Coyhaique,11102,Lago Verde,Hombre,427,45,290,92,"204,4"
11,Aysén del General Carlos Ibáñez del Campo,111,Coyhaique,11102,Lago Verde,Mujer,352,42,243,67,"159,5"
11,Aysén del General Carlos Ibáñez del Campo,112,Aysén,11201,Aysén,Total Comuna,23.170,4.459,15.965,2.746,"61,6"
11,Aysén del General Carlos Ibáñez del Campo,112,Aysén,11201,Aysén,Hombre,11.522,2.237,7.944,1.341,"59,9"
11,Aysén del General Carlos Ibáñez del Campo,112,Aysén,11201,Aysén,Mujer,11.648,2.222,8.021,1.405,"63,2"
11,Aysén del General Carlos Ibáñez del Campo,112,Aysén,11202,Cisnes,Total Comuna,5.137,949,3.580,608,"64,1"
11,Aysén del General Carlos Ibáñez del Campo,112,Aysén,11202,Cisnes,Hombre,2.598,498,1.798,302,"60,6"
11,Aysén del General Carlos Ibáñez del Campo,112,Aysén,11202,Cisnes,Mujer,2.539,451,1.782,306,"67,8"
11,Aysén del General Carlos Ibáñez del Campo,112,Aysén,11203,Guaitecas,Total Comuna,1.598,283,1.155,160,"56,5"
11,Aysén del General Carlos Ibáñez del Campo,112,Aysén,11203,Guaitecas,Hombre,857,148,622,87,"58,8"
11,Aysén del General Carlos Ibáñez del Campo,112,Aysén,11203,Guaitecas,Mujer,741,135,533,73,"54,1"
11,Aysén del General Carlos Ibáñez del Campo,113,Capitán Prat,11301,Cochrane,Total Comuna,3.458,680,2.336,442,"65,0"
11,Aysén del General Carlos Ibáñez del Campo,113,Capitán Prat,11301,Cochrane,Hombre,1.779,368,1.180,231,"62,8"
11,Aysén del General Carlos Ibáñez del Campo,113,Capitán Prat,11301,Cochrane,Mujer,1.679,312,1.156,211,"67,6"
11,Aysén del General Carlos Ibáñez del Campo,113,Capitán Prat,11302,O'Higgins,Total Comuna,647,132,460,55,"41,7"
11,Aysén del General Carlos Ibáñez del Campo,113,Capitán Prat,11302,O'Higgins,Hombre,331,65,230,36,"55,4"
11,Aysén del General Carlos Ibáñez del Campo,113,Capitán Prat,11302,O'Higgins,Mujer,316,67,230,19,"28,4"
11,Aysén del General Carlos Ibáñez del Campo,113,Capitán Prat,11303,Tortel,Total Comuna,505,107,365,33,"30,8"
11,Aysén del General Carlos Ibáñez del Campo,113,Capitán Prat,11303,Tortel,Hombre,269,54,198,17,"31,5"
11,Aysén del General Carlos Ibáñez del Campo,113,Capitán Prat,11303,Tortel,Mujer,236,53,167,16,"30,2"
11,Aysén del General Carlos Ibáñez del Campo,114,General Carrera,11401,Chile Chico,Total Comuna,4.905,862,3.242,801,"92,9"
11,Aysén del General Carlos Ibáñez del Campo,114,General Carrera,11401,Chile Chico,Hombre,2.478,445,1.629,404,"90,8"
11,Aysén del General Carlos Ibáñez del Campo,114,General Carrera,11401,Chile Chico,Mujer,2.427,417,1.613,397,"95,2"
11,Aysén del General Carlos Ibáñez del Campo,114,General Carrera,11402,Río Ibáñez,Total Comuna,2.723,420,1.794,509,"121,2"
11,Aysén del General Carlos Ibáñez del Campo,114,General Carrera,11402,Río Ibáñez,Hombre,1.410,222,939,249,"112,2"
11,Aysén del General Carlos Ibáñez del Campo,114,General Carrera,11402,Río Ibáñez,Mujer,1.313,198,855,260,"131,3"
12,Magallanes y de la Antártica Chilena,121,Magallanes,12101,Punta Arenas,Total Comuna,132.363,21.733,90.957,19.673,"90,5"
12,Magallanes y de la Antártica Chilena,121,Magallanes,12101,Punta Arenas,Hombre,65.028,10.959,45.213,8.856,"80,8"
12,Magallanes y de la Antártica Chilena,121,Magallanes,12101,Punta Arenas,Mujer,67.335,10.774,45.744,10.817,"100,4"
12,Magallanes y de la Antártica Chilena,121,Magallanes,12102,Laguna Blanca,Total Comuna,269,21,218,30,"142,9"
12,Magallanes y de la Antártica Chilena,121,Magallanes,12102,Laguna Blanca,Hombre,187,10,153,24,"240,0"
12,Magallanes y de la Antártica Chilena,121,Magallanes,12102,Laguna Blanca,Mujer,82,11,65,6,"54,5"
12,Magallanes y de la Antártica Chilena,121,Magallanes,12103,Río Verde,Total Comuna,102,6,79,17,"283,3"
12,Magallanes y de la Antártica Chilena,121,Magallanes,12103,Río Verde,Hombre,72,2,56,14,"700,0"
12,Magallanes y de la Antártica Chilena,121,Magallanes,12103,Río Verde,Mujer,30,4,23,3,"75,0"
12,Magallanes y de la Antártica Chilena,121,Magallanes,12104,San Gregorio,Total Comuna,241,33,171,37,"112,1"
12,Magallanes y de la Antártica Chilena,121,Magallanes,12104,San Gregorio,Hombre,151,22,106,23,"104,5"
12,Magallanes y de la Antártica Chilena,121,Magallanes,12104,San Gregorio,Mujer,90,11,65,14,"127,3"
12,Magallanes y de la Antártica Chilena,122,Antártica Chilena,12201,Cabo de Hornos,Total Comuna,1.750,447,1.207,96,"21,5"
12,Magallanes y de la Antártica Chilena,122,Antártica Chilena,12201,Cabo de Hornos,Hombre,881,223,612,46,"20,6"
12,Magallanes y de la Antártica Chilena,122,Antártica Chilena,12201,Cabo de Hornos,Mujer,869,224,595,50,"22,3"
12,Magallanes y de la Antártica Chilena,122,Antártica Chilena,12202,Antártica,Total Comuna,60,0,60,0,-
12,Magallanes y de la Antártica Chilena,122,Antártica Chilena,12202,Antártica,Hombre,56,0,56,0,-
12,Magallanes y de la Antártica Chilena,122,Antártica Chilena,12202,Antártica,Mujer,4,0,4,0,-
12,Magallanes y de la Antártica Chilena,123,Tierra del Fuego,12301,Porvenir,Total Comuna,6.809,1.301,4.719,789,"60,6"
12,Magallanes y de la Antártica Chilena,123,Tierra del Fuego,12301,Porvenir,Hombre,3.592,676,2.510,406,"60,1"
12,Magallanes y de la Antártica Chilena,123,Tierra del Fuego,12301,Porvenir,Mujer,3.217,625,2.209,383,"61,3"
12,Magallanes y de la Antártica Chilena,123,Tierra del Fuego,12302,Primavera,Total Comuna,431,84,290,57,"67,9"
12,Magallanes y de la Antártica Chilena,123,Tierra del Fuego,12302,Primavera,Hombre,237,43,160,34,"79,1"
12,Magallanes y de la Antártica Chilena,123,Tierra del Fuego,12302,Primavera,Mujer,194,41,130,23,"56,1"
12,Magallanes y de la Antártica Chilena,123,Tierra del Fuego,12303,Timaukel,Total Comuna,157,27,119,11,"40,7"
12,Magallanes y de la Antártica Chilena,123,Tierra del Fuego,12303,Timaukel,Hombre,95,14,72,9,"64,3"
12,Magallanes y de la Antártica Chilena,123,Tierra del Fuego,12303,Timaukel,Mujer,62,13,47,2,"15,4"
12,Magallanes y de la Antártica Chilena,124,Última Esperanza,12401,Natales,Total Comuna,24.152,4.124,16.561,3.467,"84,1"
12,Magallanes y de la Antártica Chilena,124,Última Esperanza,12401,Natales,Hombre,12.064,2.139,8.262,1.663,"77,7"
12,Magallanes y de la Antártica Chilena,124,Última Esperanza,12401,Natales,Mujer,12.088,1.985,8.299,1.804,"90,9"
12,Magallanes y de la Antártica Chilena,124,Última Esperanza,12402,Torres del Paine,Total Comuna,203,23,155,25,"108,7"
12,Magallanes y de la Antártica Chilena,124,Última Esperanza,12402,Torres del Paine,Hombre,118,13,89,16,"123,1"
12,Magallanes y de la Antártica Chilena,124,Última Esperanza,12402,Torres del Paine,Mujer,85,10,66,9,"90,0"
,,,,,,,,,,,
,,,,,,,,,,,
"Fuente: Censo de Población y Vivienda 2024 - Instituto Nacional de Estadísticas.
Nota: La información utilizada fue procesada bajo los principios de protección y privacidad de los datos de la ley 17.374.",,,,,,,,,,,